traj_id,time,locx,locy,route_id
1,0,76,38,1
1,10,71,46,1
1,20,69,56,1
1,30,71,69,1
1,40,71,76,1
1,50,69,77,1
1,60,70,77,1
2,0,91,4,7
2,10,74,8,7
2,20,71,23,7
2,30,83,41,7
2,40,83,51,7
2,50,89,68,7
2,60,69,66,7
2,70,56,68,7
2,80,60,87,7
3,0,6,60,16
3,10,25,61,16
3,20,29,47,16
3,30,34,43,16
3,40,46,56,16
3,50,48,36,16
3,60,56,33,16
3,70,58,32,16
3,80,57,30,16
3,90,60,31,16
4,0,17,57,5
4,10,30,56,5
4,20,39,54,5
4,30,41,43,5
4,40,46,33,5
4,50,51,24,5
4,60,49,26,5
4,70,50,27,5
4,80,51,28,5
4,90,51,25,5
4,100,51,26,5
4,110,52,26,5
4,120,52,24,5
5,0,18,57,5
5,10,29,56,5
5,20,39,53,5
5,30,41,42,5
5,40,45,33,5
5,50,51,25,5
6,0,21,40,24
6,10,32,37,24
6,20,34,36,24
6,30,32,36,24
6,40,33,35,24
6,50,34,38,24
6,60,31,38,24
6,70,34,36,24
6,80,32,37,24
6,90,32,36,24
7,0,13,6,10
7,10,26,36,10
7,20,27,60,10
7,30,23,59,10
7,40,27,59,10
7,50,26,59,10
7,60,26,58,10
7,70,24,59,10
7,80,26,61,10
8,0,16,86,12
8,10,20,75,12
8,20,32,69,12
8,30,31,59,12
8,40,24,51,12
8,50,30,44,12
8,60,38,36,12
9,0,94,4,7
9,10,75,6,7
9,20,72,24,7
9,30,84,38,7
9,40,83,50,7
9,50,89,70,7
9,60,72,65,7
9,70,56,67,7
9,80,60,84,7
9,90,50,89,7
9,100,28,92,7
10,0,6,62,16
10,10,25,63,16
10,20,29,46,16
10,30,33,39,16
10,40,48,55,16
10,50,49,36,16
10,60,55,34,16
10,70,58,30,16
11,0,18,58,5
11,10,30,56,5
11,20,38,53,5
11,30,42,43,5
11,40,47,33,5
11,50,50,25,5
11,60,52,23,5
11,70,51,26,5
11,80,51,27,5
11,90,52,27,5
11,100,51,26,5
11,110,53,25,5
11,120,50,24,5
11,130,49,27,5
12,0,30,71,20
12,10,46,63,20
12,20,50,45,20
12,30,51,39,20
12,40,64,30,20
12,50,65,31,20
12,60,64,33,20
12,70,62,31,20
12,80,63,32,20
12,90,64,30,20
12,100,64,31,20
12,110,63,29,20
13,0,88,-2,0
13,10,84,7,0
13,20,81,16,0
13,30,76,26,0
13,40,75,25,0
13,50,74,24,0
13,60,77,27,0
13,70,72,27,0
14,0,12,6,10
14,10,25,34,10
14,20,26,60,10
14,30,26,60,10
14,40,26,59,10
14,50,26,59,10
14,60,27,59,10
14,70,22,61,10
14,80,27,61,10
14,90,26,59,10
14,100,26,61,10
15,0,20,2,11
15,10,37,7,11
15,20,32,23,11
15,30,44,10,11
15,40,47,19,11
15,50,45,35,11
15,60,38,54,11
15,70,30,64,11
15,80,37,76,11
15,90,51,82,11
16,0,29,28,6
16,10,15,42,6
16,20,10,42,6
16,30,11,41,6
16,40,14,43,6
16,50,14,41,6
16,60,10,43,6
16,70,10,40,6
16,80,14,42,6
16,90,13,44,6
16,100,14,42,6
16,110,13,43,6
16,120,12,44,6
17,0,39,76,22
17,10,28,74,22
17,20,25,62,22
17,30,19,52,22
17,40,13,52,22
17,50,5,43,22
17,60,5,42,22
17,70,5,42,22
17,80,7,42,22
17,90,7,41,22
17,100,4,43,22
17,110,7,43,22
17,120,4,39,22
17,130,7,42,22
17,140,4,43,22
18,0,42,50,2
18,10,43,60,2
18,20,42,73,2
18,30,43,80,2
18,40,42,84,2
19,0,9,0,3
19,10,37,30,3
19,20,39,43,3
19,30,40,42,3
19,40,40,42,3
19,50,38,43,3
19,60,38,44,3
19,70,37,44,3
19,80,40,42,3
20,0,17,4,11
20,10,37,8,11
20,20,35,21,11
20,30,44,9,11
20,40,44,18,11
20,50,47,39,11
20,60,37,53,11
21,0,54,8,21
21,10,70,1,21
21,20,85,-1,21
21,30,86,0,21
21,40,88,0,21
21,50,86,0,21
21,60,87,-1,21
21,70,88,1,21
22,0,26,28,6
22,10,18,44,6
22,20,14,43,6
22,30,14,43,6
22,40,13,42,6
22,50,11,39,6
22,60,12,41,6
22,70,15,45,6
22,80,14,43,6
22,90,12,44,6
23,0,49,63,23
23,10,45,44,23
23,20,40,34,23
23,30,41,33,23
23,40,38,36,23
23,50,42,32,23
23,60,39,32,23
23,70,39,33,23
23,80,39,34,23
23,90,37,34,23
24,0,67,6,18
24,10,56,9,18
24,20,45,9,18
24,30,46,17,18
24,40,48,25,18
24,50,53,36,18
24,60,47,42,18
24,70,35,44,18
24,80,24,46,18
24,90,23,47,18
25,0,21,39,24
25,10,34,36,24
25,20,34,36,24
25,30,34,38,24
25,40,34,33,24
25,50,33,39,24
25,60,31,37,24
25,70,34,36,24
25,80,36,36,24
25,90,32,37,24
26,0,19,87,12
26,10,19,75,12
26,20,27,67,12
26,30,33,61,12
26,40,26,52,12
26,50,30,45,12
26,60,39,40,12
27,0,41,51,2
27,10,42,59,2
27,20,41,70,2
27,30,40,82,2
27,40,42,83,2
27,50,43,85,2
27,60,43,82,2
27,70,41,85,2
27,80,41,85,2
27,90,41,83,2
27,100,42,84,2
27,110,40,82,2
28,0,87,-1,0
28,10,84,6,0
28,20,83,18,0
28,30,78,25,0
28,40,74,27,0
28,50,72,22,0
28,60,72,26,0
28,70,73,26,0
28,80,74,24,0
28,90,75,25,0
28,100,75,26,0
28,110,72,26,0
28,120,72,27,0
28,130,75,25,0
28,140,74,27,0
29,0,53,7,21
29,10,69,-2,21
29,20,88,1,21
29,30,87,0,21
29,40,88,0,21
29,50,87,-1,21
29,60,88,1,21
29,70,88,0,21
29,80,85,2,21
29,90,87,2,21
29,100,85,1,21
29,110,85,-1,21
29,120,86,0,21
30,0,24,24,6
30,10,16,43,6
30,20,14,42,6
30,30,12,43,6
30,40,13,43,6
30,50,14,43,6
31,0,86,5,4
31,10,86,22,4
31,20,85,42,4
31,30,84,49,4
31,40,85,49,4
31,50,84,52,4
31,60,85,50,4
31,70,85,49,4
31,80,86,52,4
31,90,84,53,4
31,100,85,50,4
32,0,99,20,8
32,10,82,30,8
32,20,69,41,8
32,30,67,47,8
32,40,73,65,8
32,50,65,73,8
33,0,26,29,6
33,10,16,43,6
33,20,12,44,6
33,30,14,44,6
33,40,11,44,6
33,50,15,42,6
33,60,13,41,6
33,70,14,41,6
33,80,12,44,6
33,90,12,44,6
33,100,16,42,6
34,0,9,69,9
34,10,26,58,9
34,20,24,50,9
34,30,36,46,9
34,40,43,26,9
34,50,43,28,9
34,60,44,26,9
34,70,45,29,9
34,80,44,29,9
34,90,45,29,9
34,100,45,28,9
34,110,45,29,9
35,0,16,57,5
35,10,30,57,5
35,20,37,50,5
35,30,39,42,5
35,40,46,31,5
35,50,51,26,5
35,60,51,27,5
35,70,50,26,5
35,80,51,26,5
35,90,51,27,5
35,100,49,24,5
36,0,78,39,1
36,10,73,48,1
36,20,71,56,1
36,30,72,69,1
36,40,72,74,1
36,50,72,77,1
36,60,72,75,1
36,70,72,73,1
36,80,70,77,1
36,90,70,78,1
36,100,68,73,1
37,0,66,3,18
37,10,54,9,18
37,20,45,10,18
37,30,43,16,18
37,40,50,27,18
38,0,44,47,2
38,10,40,60,2
38,20,43,73,2
38,30,43,83,2
38,40,43,84,2
38,50,40,84,2
39,0,25,40,14
39,10,18,74,14
39,20,6,93,14
39,30,6,94,14
39,40,3,93,14
39,50,6,93,14
39,60,7,94,14
39,70,5,92,14
39,80,7,91,14
39,90,4,95,14
39,100,4,94,14
39,110,5,95,14
39,120,6,95,14
39,130,6,92,14
40,0,78,35,1
40,10,72,47,1
40,20,70,57,1
40,30,72,68,1
40,40,72,76,1
40,50,71,77,1
40,60,72,75,1
41,0,75,38,1
41,10,73,48,1
41,20,70,56,1
41,30,72,64,1
41,40,70,77,1
41,50,72,76,1
41,60,69,76,1
41,70,70,77,1
41,80,69,76,1
41,90,72,75,1
41,100,71,74,1
42,0,20,99,15
42,10,21,88,15
42,20,22,77,15
42,30,21,65,15
42,40,21,56,15
42,50,21,57,15
42,60,20,58,15
42,70,20,57,15
42,80,21,56,15
42,90,23,57,15
42,100,22,58,15
42,110,21,57,15
42,120,23,56,15
42,130,23,58,15
43,0,52,9,21
43,10,70,0,21
43,20,91,0,21
43,30,87,1,21
43,40,87,2,21
43,50,84,3,21
43,60,87,-1,21
43,70,87,1,21
43,80,88,1,21
43,90,89,0,21
44,0,17,87,12
44,10,17,76,12
44,20,29,69,12
44,30,34,59,12
44,40,25,52,12
44,50,30,46,12
44,60,39,36,12
44,70,39,39,12
44,80,38,40,12
44,90,35,36,12
44,100,38,38,12
45,0,99,20,8
45,10,82,30,8
45,20,68,42,8
45,30,68,46,8
45,40,74,64,8
45,50,66,72,8
45,60,60,74,8
46,0,44,49,2
46,10,42,59,2
46,20,42,73,2
46,30,44,83,2
46,40,43,84,2
46,50,42,85,2
46,60,43,85,2
46,70,42,82,2
46,80,41,84,2
46,90,43,85,2
46,100,43,85,2
46,110,43,86,2
46,120,42,83,2
46,130,43,85,2
47,0,90,6,7
47,10,71,9,7
47,20,73,25,7
47,30,84,39,7
47,40,82,51,7
47,50,89,70,7
47,60,71,68,7
47,70,57,71,7
47,80,62,86,7
47,90,50,93,7
47,100,31,91,7
47,110,31,92,7
47,120,31,90,7
47,130,29,90,7
48,0,88,-1,0
48,10,82,10,0
48,20,81,17,0
48,30,82,27,0
48,40,75,27,0
48,50,73,27,0
48,60,74,27,0
48,70,75,25,0
48,80,75,27,0
48,90,71,25,0
48,100,73,25,0
48,110,73,26,0
48,120,75,26,0
49,0,18,56,5
49,10,27,57,5
49,20,39,53,5
49,30,39,43,5
49,40,46,30,5
49,50,48,25,5
49,60,51,24,5
49,70,50,23,5
49,80,50,27,5
49,90,51,25,5
49,100,51,27,5
49,110,49,26,5
49,120,50,26,5
49,130,49,27,5
50,0,33,19,19
50,10,19,26,19
50,20,8,36,19
50,30,8,38,19
50,40,8,39,19
50,50,6,37,19
50,60,9,37,19
51,0,88,0,0
51,10,83,8,0
51,20,83,19,0
51,30,79,27,0
51,40,74,28,0
51,50,74,25,0
51,60,73,27,0
51,70,75,25,0
51,80,74,25,0
51,90,74,27,0
52,0,20,36,24
52,10,30,37,24
52,20,34,34,24
52,30,32,37,24
52,40,34,38,24
52,50,31,37,24
52,60,35,38,24
52,70,33,36,24
52,80,33,38,24
52,90,34,37,24
52,100,32,38,24
52,110,32,36,24
52,120,33,36,24
52,130,31,35,24
53,0,35,79,22
53,10,24,73,22
53,20,24,60,22
53,30,23,53,22
53,40,12,51,22
53,50,5,38,22
53,60,4,40,22
53,70,7,43,22
53,80,4,42,22
53,90,4,42,22
53,100,7,43,22
53,110,3,43,22
53,120,6,42,22
53,130,9,41,22
54,0,12,5,10
54,10,26,36,10
54,20,26,60,10
54,30,24,58,10
54,40,26,61,10
54,50,27,60,10
54,60,25,61,10
55,0,57,52,13
55,10,61,37,13
55,20,57,20,13
55,30,60,1,13
55,40,62,4,13
55,50,62,1,13
55,60,63,3,13
55,70,61,3,13
55,80,64,4,13
55,90,62,4,13
55,100,60,3,13
55,110,62,2,13
55,120,61,3,13
55,130,62,4,13
56,0,23,40,24
56,10,34,37,24
56,20,34,36,24
56,30,35,36,24
56,40,30,39,24
56,50,31,38,24
56,60,30,37,24
56,70,35,38,24
57,0,87,6,4
57,10,86,24,4
57,20,84,44,4
57,30,84,52,4
57,40,86,49,4
58,0,12,6,10
58,10,24,38,10
58,20,27,59,10
58,30,27,60,10
58,40,27,60,10
58,50,26,60,10
58,60,25,57,10
58,70,27,59,10
58,80,26,58,10
58,90,26,61,10
58,100,27,59,10
58,110,26,61,10
58,120,25,59,10
58,130,27,61,10
59,0,37,79,22
59,10,28,74,22
59,20,25,62,22
59,30,18,53,22
59,40,10,50,22
59,50,7,41,22
59,60,7,42,22
59,70,6,43,22
59,80,7,43,22
59,90,4,41,22
59,100,7,43,22
59,110,7,40,22
59,120,4,41,22
59,130,6,40,22
59,140,7,39,22
60,0,75,37,1
60,10,71,48,1
60,20,70,58,1
60,30,72,67,1
60,40,72,77,1
60,50,72,77,1
60,60,72,74,1
60,70,72,77,1
60,80,74,75,1
60,90,69,74,1
60,100,72,77,1
60,110,71,77,1
60,120,72,76,1
61,0,6,-1,3
61,10,34,28,3
61,20,40,44,3
61,30,39,43,3
61,40,40,42,3
61,50,37,43,3
61,60,38,41,3
61,70,40,42,3
61,80,40,42,3
61,90,37,40,3
61,100,38,41,3
61,110,36,41,3
61,120,38,46,3
61,130,40,41,3
61,140,36,44,3
62,0,49,64,23
62,10,46,44,23
62,20,39,33,23
62,30,39,30,23
62,40,39,34,23
62,50,41,34,23
62,60,41,33,23
63,0,52,9,21
63,10,65,-2,21
63,20,85,1,21
63,30,87,0,21
63,40,87,0,21
63,50,85,0,21
63,60,85,1,21
63,70,87,0,21
63,80,89,0,21
63,90,88,1,21
63,100,87,-1,21
63,110,88,-1,21
63,120,86,-1,21
64,0,89,-2,0
64,10,84,8,0
64,20,83,16,0
64,30,78,25,0
64,40,73,24,0
64,50,72,27,0
64,60,74,27,0
64,70,75,25,0
64,80,71,24,0
64,90,75,27,0
64,100,72,25,0
64,110,72,26,0
64,120,74,27,0
64,130,75,25,0
64,140,75,27,0
65,0,66,3,18
65,10,56,7,18
65,20,45,9,18
65,30,44,18,18
65,40,47,26,18
65,50,53,37,18
65,60,46,43,18
65,70,38,44,18
65,80,27,46,18
65,90,24,45,18
65,100,26,46,18
65,110,25,44,18
65,120,24,44,18
66,0,5,68,9
66,10,24,55,9
66,20,26,50,9
66,30,40,46,9
66,40,44,28,9
66,50,44,25,9
66,60,44,27,9
67,0,89,-3,0
67,10,81,8,0
67,20,83,18,0
67,30,74,26,0
67,40,74,26,0
67,50,72,25,0
67,60,75,26,0
67,70,74,25,0
67,80,73,26,0
67,90,75,27,0
67,100,75,26,0
67,110,73,27,0
68,0,41,49,2
68,10,41,61,2
68,20,43,74,2
68,30,43,83,2
68,40,43,82,2
68,50,43,84,2
68,60,43,85,2
68,70,41,82,2
68,80,41,84,2
68,90,42,80,2
68,100,43,84,2
68,110,42,84,2
68,120,43,83,2
69,0,77,38,1
69,10,72,46,1
69,20,70,58,1
69,30,71,66,1
69,40,70,75,1
69,50,70,77,1
69,60,72,76,1
69,70,68,75,1
69,80,71,75,1
69,90,70,76,1
70,0,38,71,17
70,10,50,58,17
70,20,50,37,17
70,30,52,24,17
70,40,64,24,17
70,50,66,21,17
70,60,67,23,17
70,70,67,19,17
70,80,65,23,17
70,90,65,24,17
70,100,65,25,17
70,110,69,25,17
70,120,66,24,17
70,130,65,24,17
70,140,67,23,17
71,0,30,71,20
71,10,45,63,20
71,20,48,48,20
71,30,52,39,20
71,40,65,32,20
71,50,65,33,20
71,60,65,30,20
71,70,64,32,20
71,80,64,33,20
72,0,54,7,21
72,10,69,1,21
72,20,85,0,21
72,30,88,1,21
72,40,88,0,21
72,50,86,-1,21
73,0,95,7,7
73,10,74,9,7
73,20,71,25,7
73,30,81,39,7
73,40,83,52,7
73,50,88,68,7
73,60,70,67,7
73,70,56,69,7
73,80,60,85,7
73,90,50,92,7
73,100,31,92,7
73,110,28,92,7
73,120,31,93,7
73,130,31,91,7
73,140,30,92,7
74,0,98,22,8
74,10,82,26,8
74,20,67,42,8
74,30,67,47,8
74,40,74,64,8
74,50,66,73,8
74,60,63,75,8
74,70,63,70,8
74,80,64,72,8
75,0,27,26,6
75,10,18,43,6
75,20,13,42,6
75,30,14,44,6
75,40,14,43,6
75,50,14,43,6
75,60,12,41,6
75,70,15,45,6
75,80,14,44,6
75,90,14,43,6
75,100,14,42,6
75,110,12,45,6
75,120,14,43,6
75,130,14,44,6
75,140,14,42,6
76,0,89,0,0
76,10,80,8,0
76,20,81,18,0
76,30,77,24,0
76,40,74,26,0
76,50,71,25,0
76,60,74,27,0
76,70,75,27,0
76,80,73,24,0
76,90,74,27,0
76,100,74,25,0
76,110,72,28,0
76,120,72,26,0
76,130,75,25,0
77,0,98,19,8
77,10,81,28,8
77,20,67,41,8
77,30,65,47,8
77,40,71,64,8
77,50,68,71,8
77,60,62,73,8
77,70,63,72,8
77,80,63,72,8
77,90,61,74,8
77,100,63,73,8
78,0,7,69,9
78,10,26,59,9
78,20,25,51,9
78,30,36,44,9
78,40,44,27,9
78,50,43,28,9
78,60,42,27,9
79,0,38,72,17
79,10,50,54,17
79,20,48,36,17
79,30,53,26,17
79,40,66,24,17
79,50,67,21,17
80,0,20,57,5
80,10,28,57,5
80,20,37,53,5
80,30,42,40,5
80,40,44,33,5
80,50,48,24,5
80,60,51,24,5
80,70,50,25,5
80,80,51,28,5
80,90,54,25,5
80,100,50,27,5
80,110,52,25,5
80,120,50,25,5
80,130,52,27,5
81,0,17,87,12
81,10,20,74,12
81,20,29,66,12
81,30,31,59,12
81,40,24,53,12
81,50,30,45,12
81,60,40,40,12
81,70,36,39,12
81,80,37,37,12
81,90,36,38,12
81,100,39,39,12
81,110,39,36,12
81,120,37,40,12
81,130,37,41,12
82,0,22,40,24
82,10,34,36,24
82,20,31,37,24
82,30,32,35,24
82,40,32,37,24
82,50,34,36,24
82,60,32,38,24
83,0,23,40,14
83,10,19,77,14
83,20,5,94,14
83,30,6,93,14
83,40,4,92,14
83,50,6,90,14
83,60,5,94,14
83,70,5,96,14
83,80,5,94,14
83,90,6,95,14
83,100,6,94,14
84,0,17,56,5
84,10,24,57,5
84,20,36,53,5
84,30,42,42,5
84,40,46,30,5
84,50,50,28,5
84,60,51,25,5
84,70,52,25,5
84,80,52,23,5
84,90,51,24,5
85,0,13,7,10
85,10,24,38,10
85,20,24,58,10
85,30,25,62,10
85,40,27,60,10
85,50,26,61,10
85,60,27,61,10
85,70,24,60,10
86,0,16,55,5
86,10,31,56,5
86,20,40,51,5
86,30,41,41,5
86,40,44,31,5
86,50,52,27,5
86,60,54,25,5
86,70,52,26,5
86,80,52,26,5
86,90,51,26,5
87,0,6,63,16
87,10,25,62,16
87,20,27,49,16
87,30,32,41,16
87,40,46,58,16
87,50,48,34,16
87,60,57,34,16
87,70,58,30,16
87,80,59,29,16
87,90,59,30,16
88,0,37,77,22
88,10,25,74,22
88,20,24,64,22
88,30,21,54,22
88,40,12,50,22
88,50,4,43,22
88,60,5,42,22
88,70,7,40,22
88,80,8,41,22
88,90,6,43,22
89,0,87,4,4
89,10,86,24,4
89,20,86,44,4
89,30,84,50,4
89,40,85,52,4
89,50,86,51,4
89,60,85,52,4
89,70,83,50,4
89,80,83,48,4
89,90,84,49,4
89,100,84,52,4
89,110,86,48,4
89,120,83,48,4
90,0,7,0,3
90,10,37,25,3
90,20,40,43,3
90,30,40,44,3
90,40,39,43,3
90,50,37,42,3
90,60,39,44,3
90,70,40,43,3
90,80,39,41,3
90,90,38,43,3
90,100,39,43,3
90,110,38,45,3
91,0,7,63,16
91,10,26,60,16
91,20,29,48,16
91,30,32,40,16
91,40,46,56,16
91,50,47,36,16
91,60,56,34,16
91,70,59,31,16
91,80,59,32,16
91,90,56,31,16
91,100,60,30,16
91,110,56,32,16
91,120,58,30,16
91,130,57,32,16
92,0,5,63,16
92,10,26,63,16
92,20,26,49,16
92,30,34,43,16
92,40,46,55,16
93,0,97,22,8
93,10,79,30,8
93,20,68,41,8
93,30,65,45,8
93,40,72,64,8
94,0,24,26,6
94,10,18,42,6
94,20,12,44,6
94,30,11,42,6
94,40,14,44,6
94,50,13,44,6
95,0,41,51,2
95,10,41,61,2
95,20,39,71,2
95,30,40,83,2
95,40,42,85,2
96,0,31,73,20
96,10,48,60,20
96,20,48,48,20
96,30,51,38,20
96,40,64,34,20
96,50,61,33,20
96,60,65,33,20
96,70,65,32,20
96,80,63,33,20
96,90,64,31,20
96,100,64,32,20
97,0,52,8,21
97,10,69,0,21
97,20,85,0,21
97,30,88,0,21
97,40,87,0,21
97,50,88,1,21
97,60,88,-4,21
97,70,86,-2,21
97,80,88,-2,21
97,90,88,-1,21
98,0,89,5,4
98,10,85,23,4
98,20,85,41,4
98,30,88,51,4
98,40,86,52,4
98,50,86,50,4
98,60,85,51,4
98,70,86,50,4
98,80,86,51,4
98,90,84,48,4
98,100,85,52,4
98,110,85,51,4
98,120,85,51,4
98,130,86,51,4
99,0,33,78,22
99,10,28,70,22
99,20,23,60,22
99,30,22,53,22
99,40,12,49,22
99,50,8,43,22
99,60,6,43,22
99,70,5,40,22
99,80,7,43,22
99,90,5,39,22
99,100,7,42,22
99,110,7,41,22
99,120,7,43,22
99,130,7,41,22
99,140,6,41,22
100,0,52,63,23
100,10,47,42,23
100,20,38,31,23
100,30,37,34,23
100,40,38,34,23
101,0,29,24,6
101,10,18,44,6
101,20,13,44,6
101,30,11,44,6
101,40,14,42,6
101,50,14,42,6
101,60,11,44,6
101,70,13,45,6
101,80,14,44,6
101,90,14,43,6
102,0,6,63,16
102,10,25,60,16
102,20,29,48,16
102,30,32,43,16
102,40,47,53,16
102,50,48,37,16
103,0,33,16,19
103,10,18,24,19
103,20,5,33,19
103,30,10,37,19
103,40,5,36,19
103,50,9,38,19
104,0,77,38,1
104,10,71,47,1
104,20,72,56,1
104,30,71,66,1
104,40,70,78,1
104,50,70,76,1
104,60,71,75,1
104,70,71,77,1
104,80,68,76,1
104,90,69,77,1
104,100,73,76,1
105,0,57,54,13
105,10,60,38,13
105,20,55,18,13
105,30,63,1,13
105,40,60,1,13
105,50,63,3,13
105,60,62,3,13
105,70,63,3,13
105,80,61,5,13
105,90,63,4,13
105,100,63,3,13
105,110,61,3,13
106,0,10,-2,3
106,10,35,28,3
106,20,38,40,3
106,30,38,43,3
106,40,40,42,3
106,50,39,44,3
106,60,36,41,3
106,70,40,43,3
106,80,40,44,3
106,90,39,44,3
107,0,16,85,12
107,10,18,76,12
107,20,29,69,12
107,30,33,61,12
107,40,25,49,12
107,50,32,42,12
107,60,39,37,12
107,70,39,39,12
107,80,36,40,12
108,0,18,58,5
108,10,30,57,5
108,20,37,50,5
108,30,42,42,5
108,40,47,30,5
108,50,49,24,5
108,60,50,25,5
108,70,51,27,5
108,80,51,26,5
108,90,51,27,5
108,100,52,25,5
108,110,51,25,5
109,0,51,64,23
109,10,47,44,23
109,20,41,32,23
109,30,39,31,23
109,40,38,31,23
110,0,53,9,21
110,10,68,-1,21
110,20,88,-1,21
110,30,86,1,21
110,40,89,1,21
110,50,86,0,21
110,60,85,-1,21
110,70,88,2,21
111,0,98,21,8
111,10,81,30,8
111,20,69,40,8
111,30,66,45,8
111,40,71,63,8
111,50,69,72,8
111,60,61,70,8
111,70,61,74,8
112,0,99,20,8
112,10,78,29,8
112,20,69,43,8
112,30,62,47,8
112,40,74,62,8
112,50,69,72,8
112,60,63,72,8
113,0,9,0,3
113,10,38,27,3
113,20,39,42,3
113,30,40,44,3
113,40,39,44,3
113,50,37,41,3
113,60,38,42,3
113,70,41,44,3
114,0,37,70,17
114,10,50,58,17
114,20,50,35,17
114,30,52,25,17
114,40,65,25,17
114,50,67,23,17
114,60,65,25,17
114,70,66,27,17
114,80,67,25,17
115,0,44,48,2
115,10,43,61,2
115,20,42,70,2
115,30,43,81,2
115,40,43,85,2
115,50,41,83,2
115,60,40,83,2
115,70,43,85,2
115,80,43,84,2
115,90,43,85,2
115,100,43,85,2
116,0,51,61,23
116,10,48,45,23
116,20,42,34,23
116,30,38,34,23
116,40,41,33,23
116,50,41,32,23
116,60,38,31,23
116,70,39,33,23
116,80,38,33,23
116,90,40,34,23
116,100,40,32,23
117,0,16,58,5
117,10,29,54,5
117,20,37,51,5
117,30,42,42,5
117,40,45,32,5
117,50,52,26,5
117,60,52,27,5
117,70,52,23,5
117,80,52,25,5
117,90,52,27,5
117,100,51,23,5
117,110,52,24,5
117,120,50,27,5
118,0,27,29,6
118,10,17,43,6
118,20,12,42,6
118,30,13,43,6
118,40,12,42,6
118,50,14,42,6
118,60,10,42,6
118,70,14,43,6
118,80,15,42,6
119,0,59,52,13
119,10,61,39,13
119,20,54,19,13
119,30,63,2,13
119,40,63,1,13
119,50,64,5,13
119,60,60,3,13
119,70,63,3,13
119,80,62,4,13
120,0,52,52,13
120,10,61,37,13
120,20,58,19,13
120,30,63,3,13
120,40,60,2,13
120,50,63,2,13
120,60,62,1,13
120,70,62,3,13
120,80,62,4,13
120,90,63,2,13
120,100,62,2,13
121,0,29,29,6
121,10,18,41,6
121,20,13,43,6
121,30,15,43,6
121,40,13,43,6
121,50,14,42,6
122,0,20,4,11
122,10,38,8,11
122,20,35,21,11
122,30,44,9,11
122,40,46,17,11
122,50,45,37,11
122,60,34,51,11
122,70,29,64,11
122,80,38,74,11
122,90,52,83,11
122,100,51,82,11
122,110,52,82,11
122,120,53,83,11
122,130,49,85,11
123,0,96,22,8
123,10,82,29,8
123,20,65,40,8
123,30,64,47,8
123,40,74,63,8
123,50,68,72,8
124,0,29,70,20
124,10,48,61,20
124,20,50,48,20
124,30,49,38,20
124,40,64,32,20
124,50,63,32,20
125,0,36,79,22
125,10,27,72,22
125,20,24,62,22
125,30,22,51,22
125,40,11,54,22
125,50,6,41,22
125,60,6,40,22
125,70,7,43,22
125,80,5,43,22
125,90,3,43,22
125,100,7,43,22
125,110,7,40,22
125,120,6,43,22
125,130,7,42,22
125,140,6,42,22
126,0,50,62,23
126,10,49,43,23
126,20,41,31,23
126,30,39,32,23
126,40,40,35,23
126,50,40,32,23
126,60,40,32,23
126,70,38,33,23
126,80,41,33,23
126,90,40,33,23
127,0,25,37,14
127,10,19,75,14
127,20,4,93,14
127,30,5,94,14
127,40,5,95,14
127,50,4,95,14
127,60,2,93,14
127,70,3,95,14
127,80,6,95,14
127,90,6,95,14
128,0,63,4,18
128,10,53,9,18
128,20,46,11,18
128,30,43,16,18
128,40,48,25,18
128,50,54,36,18
128,60,48,40,18
128,70,37,43,18
128,80,27,45,18
128,90,25,45,18
128,100,23,46,18
128,110,25,45,18
128,120,25,45,18
128,130,25,43,18
128,140,22,45,18
129,0,32,72,20
129,10,47,62,20
129,20,48,48,20
129,30,52,37,20
129,40,63,31,20
129,50,65,32,20
129,60,66,34,20
129,70,62,30,20
129,80,65,35,20
129,90,64,31,20
129,100,60,33,20
129,110,65,33,20
129,120,63,33,20
129,130,62,32,20
130,0,35,15,19
130,10,18,24,19
130,20,8,35,19
130,30,7,38,19
130,40,9,36,19
130,50,9,35,19
130,60,6,38,19
130,70,7,37,19
130,80,8,36,19
130,90,7,35,19
130,100,8,37,19
130,110,11,36,19
130,120,9,38,19
130,130,6,36,19
131,0,4,61,16
131,10,25,63,16
131,20,27,46,16
131,30,33,43,16
131,40,46,55,16
131,50,48,37,16
131,60,58,34,16
131,70,60,30,16
131,80,57,32,16
131,90,58,32,16
131,100,58,30,16
131,110,58,31,16
132,0,5,62,16
132,10,23,61,16
132,20,27,48,16
132,30,34,44,16
132,40,48,56,16
132,50,48,37,16
132,60,56,31,16
132,70,55,32,16
132,80,59,30,16
132,90,59,32,16
132,100,59,30,16
132,110,57,32,16
132,120,59,32,16
133,0,86,0,0
133,10,81,6,0
133,20,83,19,0
133,30,77,27,0
133,40,74,27,0
134,0,53,9,21
134,10,69,0,21
134,20,84,-2,21
134,30,86,1,21
134,40,85,0,21
134,50,87,-1,21
134,60,88,1,21
134,70,86,-2,21
134,80,88,1,21
134,90,90,-1,21
134,100,87,1,21
135,0,20,3,11
135,10,40,7,11
135,20,32,23,11
135,30,44,10,11
135,40,47,18,11
135,50,45,38,11
135,60,38,53,11
135,70,29,62,11
136,0,8,69,9
136,10,24,58,9
136,20,23,50,9
136,30,38,46,9
136,40,44,29,9
136,50,44,28,9
136,60,45,27,9
136,70,43,26,9
136,80,43,25,9
136,90,42,28,9
136,100,43,29,9
136,110,45,29,9
136,120,45,24,9
136,130,45,27,9
137,0,44,53,2
137,10,43,62,2
137,20,41,73,2
137,30,41,84,2
137,40,42,83,2
137,50,41,83,2
137,60,43,85,2
138,0,75,38,1
138,10,73,45,1
138,20,71,58,1
138,30,71,65,1
138,40,69,74,1
138,50,71,77,1
139,0,94,8,7
139,10,74,9,7
139,20,73,24,7
139,30,84,38,7
139,40,83,52,7
139,50,87,69,7
139,60,70,69,7
139,70,58,70,7
140,0,34,81,22
140,10,28,70,22
140,20,25,64,22
140,30,20,54,22
140,40,12,51,22
140,50,7,43,22
140,60,6,42,22
140,70,5,42,22
141,0,64,5,18
141,10,54,7,18
141,20,45,9,18
141,30,45,18,18
141,40,48,25,18
141,50,54,37,18
141,60,49,42,18
141,70,35,44,18
141,80,27,46,18
141,90,22,43,18
141,100,25,45,18
141,110,23,46,18
141,120,21,42,18
142,0,66,3,18
142,10,55,5,18
142,20,44,9,18
142,30,44,17,18
142,40,46,25,18
142,50,54,37,18
142,60,48,42,18
142,70,35,43,18
143,0,41,51,2
143,10,43,61,2
143,20,41,73,2
143,30,40,84,2
143,40,43,85,2
143,50,43,84,2
143,60,40,82,2
143,70,43,85,2
143,80,42,85,2
143,90,41,85,2
144,0,25,40,14
144,10,18,74,14
144,20,3,95,14
144,30,5,95,14
144,40,6,95,14
144,50,6,93,14
144,60,4,95,14
144,70,4,95,14
144,80,5,94,14
144,90,6,93,14
144,100,3,94,14
144,110,5,95,14
144,120,5,95,14
144,130,5,92,14
145,0,32,18,19
145,10,17,25,19
145,20,9,36,19
145,30,8,36,19
145,40,7,36,19
145,50,8,39,19
145,60,7,38,19
145,70,9,37,19
145,80,9,37,19
145,90,5,35,19
145,100,9,39,19
145,110,9,36,19
145,120,8,37,19
145,130,6,36,19
145,140,6,39,19
146,0,65,5,18
146,10,56,9,18
146,20,45,12,18
146,30,41,14,18
146,40,47,27,18
146,50,51,35,18
146,60,45,40,18
146,70,34,44,18
146,80,26,43,18
147,0,11,3,10
147,10,25,38,10
147,20,26,61,10
147,30,27,61,10
147,40,25,57,10
147,50,27,60,10
147,60,27,60,10
147,70,25,61,10
147,80,26,60,10
147,90,27,60,10
147,100,27,61,10
148,0,87,3,4
148,10,86,24,4
148,20,86,42,4
148,30,86,51,4
148,40,85,51,4
148,50,87,52,4
148,60,86,51,4
148,70,86,52,4
148,80,83,51,4
148,90,85,52,4
148,100,84,49,4
148,110,85,52,4
149,0,31,71,20
149,10,46,61,20
149,20,47,47,20
149,30,48,39,20
149,40,63,32,20
149,50,64,29,20
149,60,66,31,20
149,70,63,32,20
149,80,64,32,20
149,90,62,30,20
149,100,64,31,20
149,110,62,30,20
150,0,53,8,21
150,10,70,2,21
150,20,85,0,21
150,30,85,-1,21
150,40,86,-2,21
151,0,90,3,4
151,10,84,24,4
151,20,87,44,4
151,30,86,50,4
151,40,86,52,4
151,50,85,52,4
151,60,84,52,4
151,70,86,50,4
151,80,85,52,4
152,0,97,21,8
152,10,80,30,8
152,20,68,42,8
152,30,69,47,8
152,40,72,63,8
152,50,70,69,8
152,60,60,72,8
153,0,28,28,6
153,10,19,42,6
153,20,13,41,6
153,30,13,44,6
153,40,11,41,6
153,50,12,41,6
153,60,11,43,6
153,70,13,39,6
153,80,13,46,6
153,90,14,42,6
153,100,13,42,6
153,110,13,44,6
153,120,13,44,6
154,0,24,39,14
154,10,19,76,14
154,20,6,93,14
154,30,4,95,14
154,40,5,93,14
154,50,8,94,14
154,60,4,92,14
154,70,5,94,14
154,80,5,93,14
154,90,3,96,14
154,100,6,94,14
154,110,4,93,14
154,120,6,93,14
154,130,6,92,14
154,140,6,95,14
155,0,23,39,24
155,10,34,38,24
155,20,34,34,24
155,30,30,35,24
155,40,34,36,24
155,50,33,38,24
155,60,34,36,24
155,70,34,36,24
155,80,34,36,24
155,90,31,34,24
156,0,25,30,6
156,10,18,41,6
156,20,13,42,6
156,30,13,42,6
156,40,14,43,6
156,50,13,42,6
156,60,12,43,6
156,70,14,43,6
156,80,14,44,6
157,0,53,11,21
157,10,70,-2,21
157,20,87,2,21
157,30,86,1,21
157,40,87,-2,21
157,50,87,-1,21
157,60,88,1,21
157,70,87,-1,21
157,80,86,-1,21
157,90,88,0,21
157,100,86,1,21
157,110,85,-1,21
157,120,88,1,21
157,130,87,-1,21
157,140,88,0,21
158,0,12,5,10
158,10,24,38,10
158,20,25,61,10
158,30,27,63,10
158,40,27,59,10
158,50,27,61,10
158,60,26,63,10
159,0,66,2,18
159,10,56,9,18
159,20,45,11,18
159,30,40,18,18
159,40,50,27,18
159,50,53,37,18
159,60,47,42,18
159,70,38,45,18
159,80,26,46,18
159,90,25,44,18
159,100,23,46,18
159,110,25,44,18
159,120,24,44,18
159,130,22,46,18
160,0,58,52,13
160,10,60,39,13
160,20,57,18,13
160,30,63,4,13
160,40,61,2,13
160,50,60,3,13
160,60,62,3,13
160,70,63,3,13
160,80,63,3,13
160,90,63,4,13
160,100,60,4,13
161,0,19,6,11
161,10,39,6,11
161,20,32,25,11
161,30,44,7,11
161,40,45,18,11
161,50,47,38,11
161,60,38,52,11
161,70,31,62,11
161,80,37,74,11
161,90,51,77,11
161,100,52,83,11
161,110,52,79,11
161,120,51,81,11
162,0,52,61,23
162,10,46,42,23
162,20,40,34,23
162,30,39,31,23
162,40,39,33,23
162,50,41,33,23
162,60,41,29,23
163,0,7,70,9
163,10,24,58,9
163,20,25,52,9
163,30,36,46,9
163,40,43,26,9
163,50,45,29,9
163,60,43,27,9
163,70,45,28,9
163,80,44,26,9
163,90,45,28,9
163,100,45,26,9
163,110,41,27,9
164,0,19,98,15
164,10,18,88,15
164,20,22,75,15
164,30,21,67,15
164,40,23,55,15
165,0,53,7,21
165,10,70,-3,21
165,20,89,0,21
165,30,85,0,21
165,40,88,-2,21
165,50,88,3,21
165,60,87,0,21
165,70,86,-2,21
165,80,89,1,21
166,0,26,38,14
166,10,21,77,14
166,20,6,94,14
166,30,6,95,14
166,40,6,94,14
166,50,6,95,14
166,60,2,96,14
166,70,7,93,14
166,80,5,92,14
166,90,6,93,14
167,0,30,70,20
167,10,45,63,20
167,20,48,49,20
167,30,52,35,20
167,40,62,33,20
167,50,65,31,20
167,60,62,33,20
167,70,65,33,20
167,80,63,33,20
167,90,63,33,20
168,0,88,-1,0
168,10,82,6,0
168,20,82,18,0
168,30,76,27,0
168,40,74,27,0
169,0,28,29,6
169,10,17,43,6
169,20,13,42,6
169,30,11,43,6
169,40,15,41,6
169,50,13,44,6
169,60,14,44,6
169,70,14,40,6
169,80,11,43,6
170,0,37,71,17
170,10,48,58,17
170,20,50,37,17
170,30,51,25,17
170,40,67,22,17
170,50,67,24,17
170,60,67,25,17
170,70,67,24,17
170,80,65,26,17
170,90,67,24,17
170,100,66,25,17
170,110,66,25,17
170,120,67,25,17
170,130,64,24,17
170,140,65,25,17
171,0,54,7,21
171,10,69,-2,21
171,20,87,-2,21
171,30,88,0,21
171,40,88,-1,21
171,50,87,-1,21
171,60,88,-2,21
171,70,87,1,21
171,80,88,-1,21
171,90,88,-1,21
171,100,87,-1,21
171,110,87,-2,21
171,120,88,1,21
172,0,65,5,18
172,10,54,9,18
172,20,42,10,18
172,30,43,18,18
172,40,52,25,18
172,50,53,36,18
173,0,88,5,4
173,10,85,24,4
173,20,86,43,4
173,30,86,50,4
173,40,85,52,4
173,50,86,47,4
173,60,86,51,4
173,70,86,50,4
173,80,86,50,4
173,90,86,50,4
174,0,35,15,19
174,10,19,25,19
174,20,7,36,19
174,30,9,37,19
174,40,7,38,19
175,0,21,98,15
175,10,19,88,15
175,20,19,72,15
175,30,21,63,15
175,40,22,58,15
175,50,21,57,15
175,60,20,55,15
175,70,22,55,15
175,80,21,59,15
175,90,22,54,15
175,100,21,56,15
176,0,34,71,20
176,10,48,62,20
176,20,48,46,20
176,30,51,37,20
176,40,65,31,20
176,50,64,33,20
176,60,62,32,20
176,70,64,31,20
176,80,65,33,20
176,90,65,31,20
176,100,63,30,20
177,0,36,78,22
177,10,27,72,22
177,20,23,65,22
177,30,22,50,22
177,40,10,52,22
177,50,5,42,22
177,60,5,42,22
177,70,5,42,22
178,0,9,-1,3
178,10,37,27,3
178,20,38,42,3
178,30,40,42,3
178,40,38,41,3
178,50,39,43,3
178,60,40,44,3
179,0,31,69,20
179,10,46,64,20
179,20,46,46,20
179,30,51,36,20
179,40,65,32,20
179,50,64,31,20
179,60,62,33,20
179,70,63,33,20
180,0,19,98,15
180,10,24,86,15
180,20,21,74,15
180,30,23,65,15
180,40,22,57,15
180,50,24,58,15
180,60,21,58,15
180,70,22,57,15
180,80,23,58,15
180,90,21,58,15
180,100,23,56,15
180,110,22,56,15
180,120,21,59,15
181,0,50,62,23
181,10,48,44,23
181,20,41,33,23
181,30,37,34,23
181,40,41,31,23
181,50,40,34,23
182,0,21,100,15
182,10,19,89,15
182,20,22,77,15
182,30,22,66,15
182,40,21,58,15
182,50,25,58,15
182,60,23,53,15
182,70,22,56,15
182,80,22,57,15
182,90,21,56,15
182,100,21,58,15
183,0,37,71,17
183,10,50,55,17
183,20,47,37,17
183,30,53,24,17
183,40,67,25,17
183,50,67,22,17
183,60,65,21,17
183,70,67,25,17
183,80,64,25,17
184,0,52,9,21
184,10,68,-2,21
184,20,85,-1,21
184,30,88,-2,21
184,40,88,1,21
184,50,88,-1,21
184,60,88,-2,21
184,70,88,-1,21
184,80,86,2,21
184,90,88,-2,21
184,100,89,1,21
184,110,87,1,21
184,120,87,-4,21
184,130,85,1,21
185,0,43,51,2
185,10,40,59,2
185,20,40,72,2
185,30,43,83,2
185,40,38,83,2
185,50,38,84,2
185,60,43,85,2
185,70,41,81,2
185,80,41,85,2
185,90,43,83,2
185,100,43,83,2
185,110,43,85,2
185,120,41,84,2
185,130,43,85,2
186,0,26,40,14
186,10,19,76,14
186,20,8,93,14
186,30,5,92,14
186,40,6,93,14
186,50,7,93,14
186,60,4,92,14
186,70,5,95,14
186,80,2,92,14
186,90,6,92,14
186,100,5,94,14
186,110,6,94,14
186,120,6,94,14
186,130,4,95,14
186,140,6,95,14
187,0,19,98,15
187,10,19,88,15
187,20,18,77,15
187,30,22,64,15
187,40,23,56,15
188,0,63,5,18
188,10,55,8,18
188,20,44,9,18
188,30,44,17,18
188,40,50,27,18
188,50,54,38,18
188,60,46,41,18
188,70,37,42,18
188,80,25,42,18
188,90,24,44,18
188,100,24,45,18
188,110,25,45,18
188,120,25,47,18
189,0,53,7,21
189,10,68,-2,21
189,20,88,-2,21
189,30,87,1,21
189,40,88,0,21
189,50,87,-1,21
189,60,88,-2,21
189,70,88,1,21
189,80,88,-1,21
189,90,86,0,21
189,100,88,-2,21
189,110,88,-3,21
190,0,66,3,18
190,10,54,8,18
190,20,47,12,18
190,30,44,17,18
190,40,50,23,18
190,50,53,37,18
190,60,49,41,18
190,70,39,45,18
190,80,25,47,18
190,90,20,46,18
190,100,24,46,18
190,110,24,46,18
190,120,23,43,18
190,130,21,44,18
190,140,25,45,18
191,0,29,71,20
191,10,47,61,20
191,20,50,43,20
191,30,52,37,20
191,40,65,30,20
192,0,94,7,7
192,10,74,9,7
192,20,73,23,7
192,30,81,39,7
192,40,83,52,7
192,50,86,70,7
192,60,70,68,7
193,0,50,61,23
193,10,48,42,23
193,20,41,34,23
193,30,43,32,23
193,40,37,31,23
193,50,42,33,23
193,60,41,34,23
193,70,42,35,23
193,80,41,31,23
193,90,40,31,23
193,100,41,32,23
193,110,39,33,23
193,120,40,32,23
193,130,40,36,23
194,0,35,18,19
194,10,19,24,19
194,20,9,35,19
194,30,9,38,19
194,40,7,37,19
194,50,9,38,19
194,60,7,37,19
194,70,9,37,19
194,80,7,38,19
194,90,5,38,19
194,100,10,37,19
195,0,52,8,21
195,10,70,-2,21
195,20,88,1,21
195,30,88,0,21
195,40,84,0,21
195,50,87,1,21
195,60,88,-1,21
195,70,86,-1,21
195,80,88,-1,21
195,90,86,-1,21
195,100,88,-1,21
196,0,9,66,9
196,10,23,60,9
196,20,23,52,9
196,30,38,43,9
196,40,45,29,9
196,50,45,26,9
196,60,40,29,9
197,0,40,49,2
197,10,42,61,2
197,20,43,71,2
197,30,43,83,2
197,40,43,82,2
197,50,42,86,2
198,0,35,72,17
198,10,47,58,17
198,20,49,36,17
198,30,54,26,17
198,40,66,21,17
198,50,66,24,17
198,60,63,25,17
198,70,66,24,17
198,80,67,24,17
198,90,65,25,17
198,100,67,25,17
198,110,65,23,17
198,120,66,24,17
198,130,67,24,17
199,0,36,72,17
199,10,49,56,17
199,20,50,39,17
199,30,50,24,17
199,40,63,27,17
200,0,86,5,4
200,10,83,24,4
200,20,83,43,4
200,30,83,51,4
200,40,84,50,4
201,0,99,21,8
201,10,81,31,8
201,20,69,41,8
201,30,66,44,8
201,40,75,63,8
201,50,69,68,8
201,60,62,74,8
201,70,60,72,8
202,0,51,7,21
202,10,70,2,21
202,20,87,0,21
202,30,88,0,21
202,40,87,-2,21
202,50,88,-1,21
202,60,85,-1,21
203,0,89,-3,0
203,10,82,8,0
203,20,82,19,0
203,30,79,27,0
203,40,73,27,0
203,50,74,24,0
203,60,75,26,0
203,70,72,26,0
203,80,75,27,0
203,90,75,25,0
203,100,74,26,0
203,110,74,26,0
203,120,74,26,0
203,130,74,26,0
203,140,72,26,0
204,0,27,29,6
204,10,15,44,6
204,20,13,43,6
204,30,15,43,6
204,40,12,43,6
204,50,14,44,6
204,60,12,42,6
204,70,13,43,6
204,80,12,41,6
204,90,12,44,6
204,100,11,43,6
204,110,13,43,6
204,120,14,43,6
204,130,13,43,6
205,0,64,2,18
205,10,56,9,18
205,20,45,10,18
205,30,44,16,18
205,40,47,27,18
205,50,54,34,18
205,60,48,41,18
205,70,39,45,18
205,80,23,44,18
205,90,25,46,18
205,100,25,46,18
205,110,23,46,18
205,120,21,47,18
205,130,23,45,18
205,140,24,46,18
206,0,94,7,7
206,10,75,8,7
206,20,72,25,7
206,30,83,39,7
206,40,79,50,7
207,0,52,7,21
207,10,69,0,21
207,20,88,-1,21
207,30,88,-1,21
207,40,89,2,21
207,50,86,-2,21
207,60,87,1,21
207,70,88,0,21
207,80,87,1,21
207,90,88,-1,21
207,100,87,4,21
208,0,51,8,21
208,10,70,0,21
208,20,85,1,21
208,30,88,1,21
208,40,88,1,21
208,50,86,-2,21
208,60,88,1,21
208,70,88,1,21
208,80,87,1,21
208,90,87,1,21
208,100,88,3,21
208,110,86,1,21
208,120,85,0,21
209,0,33,17,19
209,10,18,22,19
209,20,9,36,19
209,30,8,37,19
209,40,8,36,19
209,50,9,35,19
209,60,10,37,19
209,70,9,37,19
209,80,9,38,19
209,90,9,38,19
209,100,8,37,19
209,110,9,38,19
209,120,6,41,19
210,0,51,62,23
210,10,43,45,23
210,20,41,34,23
210,30,41,34,23
210,40,40,33,23
210,50,41,32,23
210,60,38,33,23
210,70,40,33,23
210,80,41,34,23
210,90,41,34,23
210,100,36,33,23
210,110,40,34,23
210,120,38,33,23
211,0,59,53,13
211,10,61,38,13
211,20,55,17,13
211,30,62,2,13
211,40,61,2,13
211,50,63,0,13
212,0,89,-2,0
212,10,83,7,0
212,20,79,21,0
212,30,77,26,0
212,40,75,27,0
212,50,73,27,0
212,60,73,26,0
212,70,73,24,0
212,80,75,25,0
213,0,56,49,13
213,10,61,37,13
213,20,56,20,13
213,30,63,3,13
213,40,63,4,13
213,50,61,5,13
213,60,59,5,13
213,70,63,5,13
213,80,62,2,13
213,90,63,3,13
214,0,65,5,18
214,10,54,6,18
214,20,46,10,18
214,30,43,18,18
214,40,49,24,18
215,0,66,2,18
215,10,54,9,18
215,20,45,12,18
215,30,44,17,18
215,40,50,26,18
216,0,22,39,14
216,10,21,76,14
216,20,3,93,14
216,30,6,94,14
216,40,5,95,14
216,50,6,94,14
216,60,6,94,14
216,70,5,93,14
216,80,4,94,14
216,90,5,94,14
216,100,4,97,14
216,110,4,93,14
217,0,9,68,9
217,10,25,59,9
217,20,24,52,9
217,30,37,44,9
217,40,44,29,9
217,50,46,27,9
218,0,10,66,9
218,10,26,58,9
218,20,25,51,9
218,30,36,45,9
218,40,45,26,9
218,50,45,29,9
218,60,45,27,9
219,0,53,61,23
219,10,48,44,23
219,20,39,33,23
219,30,37,34,23
219,40,41,34,23
219,50,40,32,23
219,60,40,33,23
219,70,41,33,23
219,80,41,33,23
219,90,40,33,23
220,0,10,7,10
220,10,26,36,10
220,20,27,60,10
220,30,27,58,10
220,40,27,59,10
220,50,26,61,10
220,60,26,58,10
220,70,27,59,10
220,80,27,59,10
220,90,24,60,10
220,100,26,58,10
221,0,29,29,6
221,10,18,41,6
221,20,13,44,6
221,30,14,44,6
221,40,14,42,6
221,50,12,44,6
222,0,35,79,22
222,10,26,74,22
222,20,25,64,22
222,30,22,55,22
222,40,9,51,22
222,50,6,41,22
222,60,7,40,22
222,70,6,40,22
222,80,6,40,22
222,90,5,42,22
223,0,23,40,24
223,10,34,38,24
223,20,34,38,24
223,30,33,36,24
223,40,33,37,24
223,50,33,38,24
223,60,29,35,24
223,70,31,36,24
223,80,32,36,24
223,90,32,38,24
223,100,34,38,24
223,110,32,37,24
223,120,33,37,24
223,130,31,37,24
224,0,57,52,13
224,10,58,38,13
224,20,57,19,13
224,30,62,-1,13
224,40,61,4,13
224,50,62,2,13
224,60,60,4,13
224,70,62,4,13
225,0,18,1,11
225,10,40,8,11
225,20,34,23,11
225,30,43,10,11
225,40,47,15,11
226,0,19,88,12
226,10,19,77,12
226,20,28,70,12
226,30,30,61,12
226,40,24,50,12
226,50,27,43,12
226,60,38,40,12
226,70,39,40,12
226,80,37,38,12
227,0,21,99,15
227,10,19,88,15
227,20,19,73,15
227,30,23,66,15
227,40,22,58,15
227,50,21,57,15
227,60,23,57,15
227,70,20,58,15
228,0,24,36,14
228,10,18,72,14
228,20,5,92,14
228,30,6,93,14
228,40,4,94,14
228,50,4,92,14
228,60,5,92,14
228,70,5,94,14
228,80,5,92,14
229,0,37,79,22
229,10,27,72,22
229,20,25,63,22
229,30,20,54,22
229,40,9,53,22
229,50,6,41,22
229,60,7,43,22
229,70,7,40,22
229,80,6,43,22
229,90,7,43,22
229,100,6,43,22
229,110,5,43,22
229,120,7,42,22
229,130,6,42,22
230,0,42,49,2
230,10,41,60,2
230,20,43,71,2
230,30,41,84,2
230,40,41,84,2
230,50,41,85,2
230,60,42,84,2
230,70,42,83,2
230,80,43,85,2
230,90,44,84,2
231,0,7,69,9
231,10,25,56,9
231,20,26,52,9
231,30,35,44,9
231,40,43,27,9
231,50,45,25,9
231,60,44,29,9
231,70,45,28,9
231,80,44,28,9
231,90,45,27,9
231,100,45,28,9
231,110,45,29,9
231,120,44,29,9
231,130,43,26,9
232,0,21,37,24
232,10,32,38,24
232,20,34,34,24
232,30,33,38,24
232,40,33,35,24
232,50,32,36,24
232,60,34,35,24
232,70,34,37,24
232,80,31,37,24
232,90,33,38,24
232,100,34,36,24
232,110,35,38,24
232,120,32,37,24
232,130,33,37,24
232,140,32,37,24
233,0,34,17,19
233,10,18,24,19
233,20,9,37,19
233,30,9,35,19
233,40,7,38,19
233,50,9,38,19
233,60,9,38,19
233,70,6,38,19
234,0,31,71,20
234,10,48,59,20
234,20,48,47,20
234,30,52,38,20
234,40,62,32,20
234,50,64,33,20
234,60,64,33,20
234,70,64,33,20
235,0,5,68,9
235,10,26,60,9
235,20,25,52,9
235,30,36,43,9
235,40,45,28,9
235,50,42,28,9
235,60,44,28,9
235,70,44,29,9
235,80,43,28,9
235,90,42,27,9
236,0,18,88,12
236,10,19,76,12
236,20,28,69,12
236,30,35,61,12
236,40,25,52,12
236,50,28,46,12
236,60,38,36,12
236,70,38,39,12
236,80,36,37,12
236,90,39,40,12
236,100,39,41,12
237,0,52,10,21
237,10,66,-2,21
237,20,86,1,21
237,30,84,0,21
237,40,86,1,21
237,50,87,1,21
237,60,88,-2,21
237,70,88,1,21
238,0,58,51,13
238,10,59,39,13
238,20,57,20,13
238,30,63,4,13
238,40,61,4,13
238,50,63,1,13
238,60,62,3,13
238,70,62,4,13
238,80,60,2,13
238,90,63,3,13
238,100,63,3,13
238,110,61,3,13
238,120,61,2,13
239,0,97,22,8
239,10,80,30,8
239,20,67,41,8
239,30,65,46,8
239,40,75,63,8
239,50,67,71,8
240,0,90,2,4
240,10,86,22,4
240,20,85,44,4
240,30,84,52,4
240,40,83,50,4
240,50,87,51,4
240,60,83,52,4
240,70,84,52,4
240,80,86,52,4
240,90,86,49,4
240,100,85,51,4
241,0,98,23,8
241,10,78,30,8
241,20,69,41,8
241,30,65,45,8
241,40,75,64,8
241,50,68,73,8
242,0,4,62,16
242,10,25,61,16
242,20,28,49,16
242,30,33,43,16
242,40,48,55,16
242,50,46,34,16
242,60,57,29,16
242,70,57,32,16
243,0,17,88,12
243,10,20,74,12
243,20,28,66,12
243,30,31,58,12
243,40,25,49,12
243,50,28,44,12
243,60,37,38,12
243,70,36,39,12
243,80,39,38,12
244,0,36,71,17
244,10,50,54,17
244,20,48,37,17
244,30,53,26,17
244,40,69,24,17
244,50,66,25,17
244,60,67,25,17
244,70,65,25,17
244,80,65,24,17
244,90,67,24,17
244,100,65,25,17
244,110,64,26,17
244,120,66,25,17
244,130,65,25,17
244,140,66,25,17
245,0,37,69,17
245,10,48,56,17
245,20,50,40,17
245,30,50,27,17
245,40,67,24,17
245,50,63,24,17
245,60,65,24,17
245,70,66,25,17
245,80,67,25,17
245,90,67,23,17
245,100,67,25,17
245,110,64,23,17
245,120,64,24,17
246,0,52,8,21
246,10,69,0,21
246,20,88,-2,21
246,30,88,1,21
246,40,86,1,21
246,50,87,0,21
246,60,85,0,21
246,70,88,1,21
246,80,88,-1,21
246,90,87,0,21
246,100,87,1,21
246,110,85,-1,21
246,120,85,0,21
246,130,86,0,21
247,0,91,7,7
247,10,75,8,7
247,20,73,25,7
247,30,84,41,7
247,40,83,51,7
247,50,88,68,7
247,60,72,69,7
247,70,55,68,7
248,0,20,4,11
248,10,40,8,11
248,20,34,23,11
248,30,43,6,11
248,40,46,19,11
248,50,48,36,11
248,60,40,49,11
248,70,30,67,11
248,80,34,74,11
248,90,51,81,11
249,0,21,101,15
249,10,22,87,15
249,20,22,76,15
249,30,23,64,15
249,40,22,57,15
249,50,19,57,15
249,60,20,57,15
249,70,21,57,15
249,80,22,56,15
250,0,27,37,14
250,10,18,74,14
250,20,4,95,14
250,30,6,94,14
250,40,3,95,14
250,50,3,95,14
250,60,5,93,14
250,70,3,93,14
250,80,6,94,14
250,90,6,95,14
250,100,6,95,14
251,0,90,3,4
251,10,85,24,4
251,20,84,44,4
251,30,82,52,4
251,40,82,51,4
251,50,83,52,4
251,60,85,49,4
251,70,84,51,4
251,80,85,52,4
252,0,7,69,9
252,10,24,60,9
252,20,24,51,9
252,30,35,47,9
252,40,45,29,9
252,50,43,28,9
252,60,40,28,9
252,70,45,27,9
253,0,24,40,24
253,10,32,36,24
253,20,34,38,24
253,30,32,36,24
253,40,30,37,24
253,50,33,37,24
253,60,34,36,24
253,70,32,37,24
253,80,30,35,24
253,90,32,36,24
253,100,32,37,24
253,110,31,35,24
253,120,34,36,24
254,0,6,58,16
254,10,24,62,16
254,20,30,49,16
254,30,32,42,16
254,40,46,52,16
254,50,46,36,16
254,60,58,33,16
254,70,58,30,16
254,80,56,31,16
254,90,58,30,16
254,100,56,32,16
255,0,20,2,11
255,10,39,7,11
255,20,35,23,11
255,30,43,10,11
255,40,48,16,11
255,50,47,38,11
255,60,35,51,11
255,70,30,63,11
255,80,37,73,11
255,90,50,83,11
255,100,51,83,11
256,0,18,3,11
256,10,36,5,11
256,20,35,24,11
256,30,45,10,11
256,40,47,19,11
256,50,44,39,11
256,60,37,51,11
256,70,31,61,11
256,80,39,74,11
257,0,24,39,24
257,10,32,35,24
257,20,33,37,24
257,30,33,36,24
257,40,34,35,24
258,0,19,97,15
258,10,20,88,15
258,20,22,77,15
258,30,22,67,15
258,40,23,58,15
258,50,20,57,15
258,60,23,57,15
258,70,24,58,15
258,80,23,58,15
258,90,22,58,15
258,100,24,57,15
258,110,23,57,15
259,0,22,37,14
259,10,18,75,14
259,20,6,92,14
259,30,3,93,14
259,40,4,95,14
259,50,6,94,14
259,60,4,94,14
259,70,5,93,14
259,80,3,92,14
259,90,4,94,14
259,100,6,95,14
259,110,5,92,14
259,120,4,95,14
260,0,64,5,18
260,10,54,9,18
260,20,46,7,18
260,30,42,15,18
260,40,50,27,18
261,0,12,6,10
261,10,23,38,10
261,20,26,60,10
261,30,29,59,10
261,40,29,62,10
261,50,27,60,10
261,60,26,58,10
261,70,26,56,10
262,0,28,71,20
262,10,47,62,20
262,20,50,47,20
262,30,50,38,20
262,40,63,32,20
262,50,63,30,20
262,60,65,33,20
263,0,33,18,19
263,10,19,23,19
263,20,8,37,19
263,30,8,38,19
263,40,9,37,19
263,50,9,38,19
263,60,8,38,19
263,70,9,35,19
263,80,7,37,19
263,90,7,36,19
263,100,9,36,19
263,110,9,37,19
263,120,10,36,19
263,130,5,35,19
263,140,9,38,19
264,0,30,70,20
264,10,44,63,20
264,20,50,45,20
264,30,51,37,20
264,40,61,32,20
264,50,63,32,20
265,0,89,6,4
265,10,87,22,4
265,20,85,43,4
265,30,85,49,4
265,40,84,49,4
265,50,83,50,4
265,60,86,49,4
265,70,82,52,4
265,80,85,48,4
265,90,85,51,4
265,100,86,51,4
266,0,42,48,2
266,10,42,61,2
266,20,41,72,2
266,30,42,81,2
266,40,43,85,2
266,50,41,83,2
266,60,42,83,2
266,70,41,83,2
266,80,42,83,2
266,90,42,82,2
266,100,43,84,2
266,110,41,85,2
266,120,43,83,2
266,130,43,82,2
267,0,16,58,5
267,10,28,56,5
267,20,38,50,5
267,30,40,43,5
267,40,45,30,5
267,50,50,27,5
267,60,52,28,5
267,70,51,27,5
267,80,51,28,5
267,90,52,23,5
267,100,52,27,5
267,110,50,27,5
268,0,21,43,24
268,10,32,36,24
268,20,34,34,24
268,30,34,38,24
268,40,34,38,24
268,50,34,39,24
269,0,9,1,3
269,10,37,30,3
269,20,38,43,3
269,30,39,40,3
269,40,40,41,3
269,50,40,42,3
269,60,39,43,3
269,70,36,43,3
269,80,39,42,3
269,90,38,44,3
270,0,3,60,16
270,10,24,62,16
270,20,30,47,16
270,30,32,40,16
270,40,48,54,16
271,0,28,25,6
271,10,17,41,6
271,20,14,44,6
271,30,12,42,6
271,40,14,44,6
271,50,13,43,6
271,60,13,44,6
272,0,36,71,17
272,10,50,55,17
272,20,48,38,17
272,30,50,25,17
272,40,67,22,17
272,50,66,25,17
273,0,42,46,2
273,10,40,59,2
273,20,44,73,2
273,30,43,81,2
273,40,42,83,2
274,0,90,6,4
274,10,86,25,4
274,20,86,44,4
274,30,85,50,4
274,40,85,49,4
274,50,85,50,4
274,60,84,50,4
274,70,86,52,4
274,80,83,52,4
274,90,85,50,4
274,100,86,52,4
275,0,30,69,20
275,10,47,63,20
275,20,49,45,20
275,30,54,39,20
275,40,65,33,20
275,50,64,30,20
275,60,64,33,20
275,70,65,30,20
275,80,62,32,20
275,90,64,31,20
275,100,62,33,20
275,110,66,28,20
275,120,65,33,20
275,130,64,33,20
275,140,64,31,20
276,0,53,8,21
276,10,69,-1,21
276,20,85,-2,21
276,30,88,1,21
276,40,85,1,21
276,50,88,-1,21
276,60,84,0,21
276,70,88,0,21
276,80,87,3,21
276,90,86,1,21
276,100,87,1,21
276,110,84,0,21
277,0,35,16,19
277,10,18,25,19
277,20,9,37,19
277,30,8,38,19
277,40,7,38,19
277,50,9,38,19
277,60,6,36,19
278,0,58,54,13
278,10,61,37,13
278,20,61,19,13
278,30,63,5,13
278,40,63,3,13
278,50,60,4,13
278,60,62,0,13
278,70,64,4,13
279,0,90,8,4
279,10,85,24,4
279,20,84,42,4
279,30,83,51,4
279,40,85,51,4
279,50,84,49,4
279,60,85,49,4
280,0,87,-2,0
280,10,84,7,0
280,20,80,19,0
280,30,78,25,0
280,40,73,27,0
280,50,73,27,0
280,60,74,27,0
280,70,76,25,0
281,0,78,37,1
281,10,72,47,1
281,20,71,59,1
281,30,72,68,1
281,40,71,75,1
281,50,72,77,1
281,60,70,77,1
281,70,71,75,1
281,80,70,77,1
282,0,22,39,24
282,10,33,38,24
282,20,32,35,24
282,30,33,39,24
282,40,34,38,24
282,50,34,38,24
282,60,31,35,24
283,0,20,2,11
283,10,36,6,11
283,20,32,22,11
283,30,45,11,11
283,40,48,19,11
283,50,47,38,11
284,0,19,4,11
284,10,38,7,11
284,20,34,25,11
284,30,44,9,11
284,40,47,14,11
285,0,52,9,21
285,10,72,-1,21
285,20,85,-1,21
285,30,86,1,21
285,40,88,2,21
285,50,87,2,21
285,60,86,2,21
285,70,87,1,21
285,80,88,-2,21
286,0,29,28,6
286,10,18,43,6
286,20,11,40,6
286,30,12,44,6
286,40,13,41,6
286,50,14,41,6
286,60,14,43,6
286,70,13,42,6
286,80,14,43,6
286,90,13,44,6
286,100,12,43,6
286,110,14,42,6
287,0,11,6,10
287,10,25,35,10
287,20,28,59,10
287,30,27,61,10
287,40,27,61,10
287,50,27,58,10
287,60,25,57,10
287,70,26,60,10
287,80,26,59,10
287,90,22,59,10
287,100,26,59,10
287,110,26,61,10
287,120,25,60,10
287,130,26,61,10
287,140,25,59,10
288,0,10,-1,3
288,10,38,30,3
288,20,40,42,3
288,30,39,43,3
288,40,38,43,3
288,50,40,42,3
288,60,39,43,3
288,70,40,42,3
288,80,39,44,3
289,0,26,40,14
289,10,21,74,14
289,20,4,93,14
289,30,4,95,14
289,40,3,95,14
289,50,6,94,14
289,60,6,95,14
289,70,6,93,14
289,80,5,95,14
289,90,6,95,14
289,100,4,95,14
289,110,7,95,14
289,120,5,93,14
289,130,5,95,14
289,140,6,94,14
290,0,8,68,9
290,10,23,57,9
290,20,24,50,9
290,30,38,46,9
290,40,45,28,9
290,50,43,28,9
290,60,44,27,9
290,70,44,28,9
291,0,89,4,4
291,10,87,21,4
291,20,86,42,4
291,30,86,53,4
291,40,84,52,4
291,50,86,52,4
291,60,82,50,4
291,70,85,50,4
291,80,85,52,4
291,90,86,52,4
291,100,85,51,4
291,110,83,51,4
291,120,82,52,4
291,130,85,52,4
291,140,83,51,4
292,0,52,62,23
292,10,48,45,23
292,20,42,34,23
292,30,38,33,23
292,40,41,32,23
292,50,41,34,23
292,60,39,31,23
292,70,39,32,23
292,80,42,30,23
292,90,41,33,23
293,0,38,72,17
293,10,49,56,17
293,20,48,39,17
293,30,53,25,17
293,40,67,23,17
294,0,35,77,22
294,10,28,71,22
294,20,22,63,22
294,30,18,54,22
294,40,11,48,22
294,50,6,43,22
294,60,6,42,22
295,0,24,38,14
295,10,19,76,14
295,20,6,95,14
295,30,6,93,14
295,40,4,94,14
295,50,5,94,14
296,0,52,62,23
296,10,46,43,23
296,20,39,32,23
296,30,41,33,23
296,40,39,32,23
296,50,39,30,23
296,60,38,34,23
297,0,8,68,9
297,10,26,60,9
297,20,26,51,9
297,30,35,45,9
297,40,44,29,9
297,50,44,29,9
297,60,43,28,9
297,70,42,27,9
297,80,44,28,9
297,90,42,29,9
297,100,42,29,9
297,110,42,28,9
298,0,22,95,15
298,10,21,87,15
298,20,22,75,15
298,30,23,64,15
298,40,22,57,15
298,50,23,57,15
298,60,22,57,15
298,70,22,58,15
298,80,23,57,15
298,90,23,58,15
298,100,23,54,15
299,0,25,37,14
299,10,21,76,14
299,20,5,95,14
299,30,6,95,14
299,40,3,94,14
299,50,3,95,14
299,60,4,91,14
299,70,5,93,14
299,80,5,92,14
299,90,5,94,14
299,100,5,95,14
299,110,5,94,14
300,0,9,69,9
300,10,26,59,9
300,20,27,51,9
300,30,38,46,9
300,40,44,29,9
300,50,43,27,9
300,60,44,27,9
300,70,44,29,9
300,80,44,29,9
300,90,43,29,9
300,100,43,26,9
301,0,88,2,0
301,10,81,8,0
301,20,81,15,0
301,30,77,25,0
301,40,74,26,0
301,50,72,28,0
301,60,73,28,0
301,70,73,27,0
301,80,72,25,0
301,90,75,26,0
301,100,75,25,0
301,110,75,26,0
301,120,75,26,0
302,0,26,40,14
302,10,20,76,14
302,20,6,92,14
302,30,6,95,14
302,40,5,93,14
302,50,4,92,14
302,60,5,95,14
302,70,5,94,14
302,80,4,92,14
302,90,6,92,14
303,0,5,62,16
303,10,26,62,16
303,20,30,48,16
303,30,35,42,16
303,40,47,51,16
303,50,49,34,16
303,60,57,35,16
303,70,57,32,16
303,80,56,31,16
303,90,57,32,16
303,100,59,33,16
303,110,58,32,16
303,120,59,31,16
303,130,57,31,16
303,140,57,28,16
304,0,34,69,17
304,10,49,58,17
304,20,49,40,17
304,30,51,23,17
304,40,66,24,17
304,50,65,25,17
304,60,63,24,17
304,70,63,25,17
304,80,67,22,17
305,0,92,6,7
305,10,75,7,7
305,20,75,25,7
305,30,84,41,7
305,40,82,51,7
305,50,89,70,7
305,60,70,69,7
305,70,56,65,7
305,80,61,87,7
306,0,85,0,0
306,10,81,4,0
306,20,81,19,0
306,30,79,26,0
306,40,75,27,0
306,50,73,27,0
306,60,75,27,0
306,70,74,26,0
306,80,75,24,0
306,90,72,27,0
306,100,75,27,0
306,110,75,22,0
307,0,90,4,4
307,10,83,25,4
307,20,85,43,4
307,30,86,52,4
307,40,85,51,4
307,50,84,52,4
307,60,84,52,4
307,70,84,52,4
307,80,83,52,4
307,90,85,49,4
307,100,84,52,4
307,110,85,49,4
307,120,86,51,4
308,0,31,17,19
308,10,18,24,19
308,20,9,36,19
308,30,9,38,19
308,40,9,35,19
308,50,6,36,19
308,60,6,36,19
308,70,9,37,19
308,80,9,38,19
308,90,7,38,19
308,100,10,39,19
308,110,6,39,19
308,120,7,35,19
309,0,48,8,21
309,10,71,0,21
309,20,88,1,21
309,30,89,-1,21
309,40,85,1,21
310,0,4,62,16
310,10,25,63,16
310,20,28,49,16
310,30,31,40,16
310,40,47,56,16
310,50,46,35,16
310,60,54,33,16
310,70,56,32,16
310,80,57,31,16
310,90,56,32,16
310,100,56,30,16
311,0,98,23,8
311,10,82,28,8
311,20,66,40,8
311,30,65,45,8
311,40,74,63,8
311,50,65,72,8
311,60,62,72,8
312,0,36,72,17
312,10,47,54,17
312,20,47,40,17
312,30,50,23,17
312,40,67,25,17
312,50,64,25,17
312,60,66,23,17
312,70,67,23,17
312,80,66,21,17
312,90,68,23,17
312,100,67,22,17
313,0,11,4,10
313,10,22,38,10
313,20,25,61,10
313,30,26,60,10
313,40,26,57,10
313,50,27,60,10
313,60,25,60,10
313,70,26,60,10
313,80,27,59,10
313,90,25,61,10
314,0,17,87,12
314,10,21,77,12
314,20,29,70,12
314,30,30,58,12
314,40,26,51,12
314,50,30,47,12
314,60,37,40,12
314,70,38,40,12
314,80,37,37,12
314,90,39,38,12
315,0,4,63,16
315,10,26,63,16
315,20,28,45,16
315,30,34,43,16
315,40,47,53,16
315,50,48,37,16
315,60,58,32,16
315,70,59,32,16
315,80,56,32,16
315,90,57,30,16
315,100,59,32,16
315,110,59,31,16
315,120,55,29,16
316,0,44,51,2
316,10,43,58,2
316,20,43,71,2
316,30,43,80,2
316,40,39,83,2
316,50,43,81,2
316,60,42,85,2
316,70,41,84,2
317,0,29,28,6
317,10,18,43,6
317,20,14,44,6
317,30,14,44,6
317,40,13,43,6
317,50,14,43,6
317,60,11,43,6
317,70,12,44,6
317,80,14,43,6
318,0,19,97,15
318,10,18,85,15
318,20,21,75,15
318,30,23,65,15
318,40,23,58,15
319,0,95,8,7
319,10,73,8,7
319,20,73,23,7
319,30,84,41,7
319,40,83,50,7
319,50,89,69,7
319,60,75,66,7
319,70,55,67,7
319,80,62,89,7
320,0,54,9,21
320,10,70,0,21
320,20,89,-2,21
320,30,88,0,21
320,40,88,-1,21
320,50,88,-1,21
320,60,88,0,21
320,70,85,0,21
320,80,87,-2,21
320,90,84,-1,21
321,0,99,23,8
321,10,82,29,8
321,20,65,42,8
321,30,66,45,8
321,40,73,64,8
321,50,68,73,8
321,60,59,72,8
321,70,63,73,8
321,80,61,71,8
321,90,62,73,8
321,100,62,73,8
322,0,94,5,7
322,10,75,9,7
322,20,72,21,7
322,30,82,41,7
322,40,82,51,7
322,50,89,69,7
322,60,73,67,7
322,70,57,66,7
322,80,60,87,7
322,90,48,91,7
322,100,31,93,7
322,110,32,93,7
322,120,31,91,7
322,130,31,91,7
322,140,31,93,7
323,0,37,77,22
323,10,28,76,22
323,20,25,64,22
323,30,19,54,22
323,40,12,52,22
323,50,5,41,22
323,60,5,42,22
323,70,7,43,22
323,80,2,41,22
323,90,5,43,22
323,100,6,42,22
323,110,7,38,22
323,120,6,43,22
324,0,33,16,19
324,10,19,25,19
324,20,9,37,19
324,30,8,38,19
324,40,8,38,19
324,50,8,38,19
324,60,9,37,19
324,70,8,38,19
324,80,5,37,19
324,90,9,37,19
325,0,24,38,24
325,10,33,37,24
325,20,33,38,24
325,30,33,37,24
325,40,32,36,24
325,50,33,36,24
325,60,34,38,24
325,70,32,38,24
325,80,33,36,24
325,90,34,34,24
325,100,33,36,24
325,110,34,36,24
325,120,31,37,24
325,130,31,36,24
325,140,34,38,24
326,0,16,88,12
326,10,18,77,12
326,20,28,69,12
326,30,32,58,12
326,40,22,53,12
326,50,29,43,12
326,60,38,38,12
326,70,35,39,12
326,80,37,40,12
326,90,39,39,12
327,0,27,29,6
327,10,17,43,6
327,20,13,43,6
327,30,14,43,6
327,40,11,42,6
327,50,14,40,6
327,60,13,44,6
327,70,13,42,6
327,80,15,45,6
327,90,14,43,6
328,0,19,3,11
328,10,39,8,11
328,20,33,26,11
328,30,44,9,11
328,40,47,18,11
328,50,47,36,11
328,60,35,52,11
328,70,32,62,11
328,80,39,75,11
328,90,49,82,11
329,0,51,62,23
329,10,45,45,23
329,20,38,32,23
329,30,39,33,23
329,40,40,34,23
329,50,39,36,23
329,60,41,34,23
329,70,40,32,23
329,80,38,33,23
329,90,41,32,23
329,100,41,34,23
330,0,17,4,11
330,10,40,8,11
330,20,35,24,11
330,30,42,10,11
330,40,47,18,11
330,50,44,37,11
330,60,35,52,11
330,70,29,64,11
330,80,37,76,11
330,90,52,80,11
330,100,53,81,11
331,0,29,26,6
331,10,17,43,6
331,20,13,45,6
331,30,13,44,6
331,40,13,45,6
331,50,11,42,6
331,60,10,41,6
331,70,11,42,6
332,0,36,70,17
332,10,51,56,17
332,20,50,40,17
332,30,48,27,17
332,40,68,25,17
332,50,65,22,17
332,60,67,24,17
332,70,68,23,17
332,80,65,24,17
332,90,64,25,17
332,100,66,24,17
333,0,13,5,10
333,10,25,38,10
333,20,26,61,10
333,30,27,59,10
333,40,26,59,10
333,50,27,56,10
333,60,24,60,10
333,70,25,58,10
333,80,27,60,10
333,90,25,58,10
333,100,25,60,10
333,110,23,60,10
333,120,27,61,10
333,130,27,58,10
333,140,27,59,10
334,0,28,27,6
334,10,13,44,6
334,20,14,44,6
334,30,12,44,6
334,40,14,44,6
334,50,13,43,6
334,60,14,44,6
334,70,14,41,6
334,80,13,40,6
334,90,11,43,6
334,100,13,44,6
334,110,14,44,6
334,120,12,41,6
334,130,15,43,6
334,140,15,44,6
335,0,26,39,14
335,10,21,76,14
335,20,3,93,14
335,30,6,93,14
335,40,4,95,14
335,50,6,93,14
336,0,97,21,8
336,10,82,28,8
336,20,68,39,8
336,30,66,47,8
336,40,75,65,8
336,50,68,73,8
336,60,63,73,8
336,70,63,72,8
336,80,63,71,8
336,90,63,72,8
336,100,62,71,8
336,110,63,74,8
336,120,63,73,8
336,130,63,72,8
336,140,61,74,8
337,0,37,78,22
337,10,27,73,22
337,20,22,64,22
337,30,18,53,22
337,40,12,52,22
337,50,8,42,22
337,60,7,43,22
337,70,4,42,22
337,80,7,43,22
337,90,5,42,22
337,100,7,40,22
337,110,6,41,22
337,120,3,43,22
337,130,3,39,22
338,0,51,64,23
338,10,47,45,23
338,20,39,34,23
338,30,40,34,23
338,40,38,35,23
338,50,38,31,23
338,60,38,32,23
339,0,9,69,9
339,10,26,60,9
339,20,24,48,9
339,30,35,44,9
339,40,43,27,9
339,50,43,29,9
339,60,43,26,9
339,70,45,26,9
339,80,45,27,9
339,90,44,26,9
339,100,43,28,9
339,110,43,29,9
339,120,45,26,9
339,130,44,27,9
340,0,88,-1,0
340,10,81,8,0
340,20,82,18,0
340,30,79,25,0
340,40,75,26,0
340,50,75,25,0
340,60,74,25,0
340,70,72,27,0
340,80,75,24,0
341,0,6,62,16
341,10,25,62,16
341,20,28,48,16
341,30,36,41,16
341,40,46,55,16
341,50,46,38,16
341,60,56,31,16
341,70,59,28,16
341,80,56,31,16
341,90,58,28,16
341,100,59,30,16
341,110,57,30,16
341,120,59,30,16
341,130,59,29,16
342,0,66,3,18
342,10,56,8,18
342,20,43,10,18
342,30,43,18,18
342,40,48,26,18
342,50,52,35,18
342,60,47,40,18
342,70,38,44,18
342,80,26,46,18
343,0,22,40,24
343,10,33,38,24
343,20,33,38,24
343,30,31,40,24
343,40,34,38,24
343,50,31,38,24
343,60,33,38,24
344,0,97,23,8
344,10,78,31,8
344,20,69,42,8
344,30,67,45,8
344,40,74,64,8
344,50,68,72,8
344,60,60,73,8
344,70,60,74,8
344,80,63,73,8
344,90,63,71,8
344,100,61,72,8
344,110,62,73,8
344,120,63,74,8
345,0,32,17,19
345,10,16,24,19
345,20,6,34,19
345,30,9,38,19
345,40,7,37,19
345,50,9,37,19
345,60,8,38,19
345,70,8,38,19
345,80,9,38,19
345,90,6,38,19
346,0,38,71,17
346,10,49,58,17
346,20,49,37,17
346,30,51,26,17
346,40,67,25,17
346,50,67,23,17
346,60,67,23,17
346,70,66,25,17
346,80,63,23,17
346,90,67,25,17
346,100,67,25,17
346,110,67,23,17
346,120,67,24,17
346,130,66,25,17
347,0,35,18,19
347,10,19,25,19
347,20,7,37,19
347,30,9,38,19
347,40,9,37,19
347,50,10,40,19
347,60,7,37,19
347,70,6,36,19
347,80,7,35,19
347,90,6,38,19
347,100,9,37,19
347,110,8,38,19
347,120,8,38,19
347,130,6,37,19
348,0,18,4,11
348,10,38,8,11
348,20,35,24,11
348,30,45,9,11
348,40,48,17,11
349,0,36,17,19
349,10,19,24,19
349,20,10,40,19
349,30,9,38,19
349,40,9,36,19
349,50,8,37,19
349,60,7,36,19
349,70,9,36,19
349,80,9,37,19
349,90,7,39,19
349,100,6,39,19
349,110,9,37,19
350,0,50,62,23
350,10,47,47,23
350,20,40,32,23
350,30,41,32,23
350,40,40,33,23
350,50,41,32,23
350,60,41,34,23
351,0,57,53,13
351,10,60,38,13
351,20,58,19,13
351,30,60,2,13
351,40,59,4,13
351,50,63,3,13
351,60,60,2,13
351,70,63,4,13
351,80,60,3,13
351,90,63,2,13
351,100,62,0,13
351,110,61,3,13
351,120,62,4,13
351,130,62,4,13
352,0,93,6,7
352,10,70,10,7
352,20,72,25,7
352,30,86,39,7
352,40,83,49,7
352,50,89,71,7
352,60,72,66,7
352,70,57,70,7
352,80,60,84,7
352,90,50,90,7
352,100,31,89,7
352,110,29,93,7
353,0,64,4,18
353,10,55,9,18
353,20,46,12,18
353,30,44,16,18
353,40,48,26,18
353,50,49,32,18
353,60,46,43,18
353,70,38,43,18
353,80,25,44,18
353,90,24,45,18
354,0,17,57,5
354,10,30,56,5
354,20,36,53,5
354,30,41,43,5
354,40,47,31,5
355,0,36,79,22
355,10,25,75,22
355,20,24,64,22
355,30,22,52,22
355,40,12,49,22
356,0,94,5,7
356,10,75,7,7
356,20,72,23,7
356,30,81,41,7
356,40,80,52,7
356,50,89,70,7
356,60,70,69,7
356,70,55,69,7
356,80,61,85,7
356,90,49,92,7
356,100,29,93,7
356,110,31,93,7
356,120,26,93,7
357,0,88,-1,0
357,10,81,8,0
357,20,83,15,0
357,30,79,26,0
357,40,74,27,0
357,50,73,26,0
357,60,74,27,0
358,0,33,17,19
358,10,18,26,19
358,20,7,38,19
358,30,8,38,19
358,40,5,36,19
358,50,8,37,19
358,60,8,37,19
358,70,8,37,19
358,80,5,35,19
358,90,7,37,19
358,100,9,37,19
358,110,9,36,19
358,120,8,35,19
359,0,89,-1,0
359,10,82,8,0
359,20,81,19,0
359,30,79,26,0
359,40,74,26,0
359,50,75,27,0
359,60,73,27,0
359,70,76,26,0
360,0,25,37,14
360,10,21,74,14
360,20,5,95,14
360,30,3,94,14
360,40,5,92,14
360,50,6,95,14
360,60,5,92,14
360,70,3,95,14
361,0,34,15,19
361,10,17,25,19
361,20,4,37,19
361,30,7,37,19
361,40,9,34,19
361,50,9,37,19
362,0,99,22,8
362,10,83,31,8
362,20,69,41,8
362,30,64,47,8
362,40,72,62,8
362,50,69,71,8
362,60,63,73,8
362,70,63,73,8
362,80,64,75,8
362,90,60,74,8
362,100,61,72,8
362,110,62,72,8
362,120,62,71,8
363,0,90,5,4
363,10,82,24,4
363,20,84,42,4
363,30,84,49,4
363,40,85,50,4
363,50,84,50,4
363,60,82,50,4
363,70,82,52,4
363,80,84,51,4
363,90,86,52,4
363,100,86,49,4
363,110,85,49,4
363,120,82,51,4
364,0,23,38,14
364,10,19,75,14
364,20,6,95,14
364,30,7,93,14
364,40,6,93,14
364,50,7,93,14
364,60,4,93,14
364,70,3,94,14
364,80,6,94,14
364,90,3,93,14
364,100,5,93,14
364,110,5,91,14
364,120,5,95,14
365,0,25,38,14
365,10,20,75,14
365,20,5,93,14
365,30,6,95,14
365,40,5,95,14
365,50,4,93,14
365,60,6,95,14
365,70,4,94,14
365,80,3,94,14
365,90,5,95,14
365,100,5,94,14
365,110,5,94,14
366,0,44,46,2
366,10,40,60,2
366,20,42,68,2
366,30,40,84,2
366,40,42,84,2
367,0,21,97,15
367,10,19,88,15
367,20,22,75,15
367,30,24,66,15
367,40,23,57,15
367,50,21,57,15
367,60,22,57,15
367,70,21,57,15
367,80,22,56,15
367,90,23,55,15
367,100,20,56,15
367,110,19,57,15
368,0,5,62,16
368,10,26,64,16
368,20,30,48,16
368,30,32,42,16
368,40,48,55,16
368,50,47,34,16
368,60,57,34,16
368,70,58,32,16
368,80,59,32,16
368,90,59,29,16
369,0,37,79,22
369,10,28,73,22
369,20,24,64,22
369,30,23,54,22
369,40,9,50,22
369,50,6,43,22
369,60,7,42,22
369,70,7,43,22
370,0,26,43,24
370,10,34,37,24
370,20,31,35,24
370,30,34,38,24
370,40,32,39,24
370,50,34,37,24
370,60,34,33,24
370,70,32,39,24
370,80,32,35,24
370,90,37,37,24
370,100,31,37,24
370,110,33,37,24
370,120,32,37,24
371,0,36,70,17
371,10,47,58,17
371,20,50,38,17
371,30,53,25,17
371,40,66,24,17
371,50,65,25,17
372,0,64,2,18
372,10,56,8,18
372,20,44,11,18
372,30,42,17,18
372,40,49,27,18
372,50,54,36,18
372,60,49,43,18
372,70,38,44,18
372,80,24,46,18
372,90,20,45,18
372,100,23,45,18
372,110,25,47,18
372,120,25,44,18
372,130,22,46,18
372,140,26,44,18
373,0,35,70,17
373,10,50,57,17
373,20,48,38,17
373,30,54,25,17
373,40,65,24,17
374,0,56,52,13
374,10,58,38,13
374,20,56,20,13
374,30,64,4,13
374,40,61,2,13
374,50,63,4,13
374,60,59,3,13
374,70,61,2,13
374,80,63,5,13
374,90,62,3,13
374,100,63,1,13
375,0,19,88,12
375,10,21,77,12
375,20,29,68,12
375,30,33,58,12
375,40,25,50,12
375,50,30,46,12
375,60,36,38,12
375,70,39,39,12
375,80,34,38,12
375,90,37,37,12
375,100,39,37,12
375,110,39,40,12
375,120,37,39,12
375,130,37,37,12
375,140,39,40,12
376,0,87,-1,0
376,10,84,8,0
376,20,82,19,0
376,30,79,25,0
376,40,73,27,0
376,50,75,27,0
376,60,74,29,0
376,70,75,26,0
376,80,73,25,0
377,0,35,15,19
377,10,19,24,19
377,20,7,40,19
377,30,9,37,19
377,40,7,38,19
377,50,8,35,19
377,60,8,38,19
377,70,7,38,19
377,80,7,37,19
377,90,8,38,19
378,0,9,69,9
378,10,23,59,9
378,20,25,52,9
378,30,38,46,9
378,40,43,29,9
378,50,44,27,9
378,60,42,28,9
378,70,42,27,9
378,80,45,28,9
378,90,43,27,9
378,100,41,27,9
378,110,44,28,9
379,0,31,71,20
379,10,45,63,20
379,20,49,48,20
379,30,47,38,20
379,40,65,32,20
379,50,65,33,20
379,60,65,33,20
380,0,12,4,10
380,10,24,37,10
380,20,27,59,10
380,30,25,61,10
380,40,27,61,10
380,50,25,60,10
380,60,24,61,10
380,70,27,61,10
380,80,25,58,10
380,90,24,62,10
380,100,26,60,10
380,110,27,61,10
381,0,88,4,4
381,10,87,24,4
381,20,85,44,4
381,30,85,50,4
381,40,87,49,4
381,50,86,51,4
381,60,82,52,4
381,70,86,50,4
381,80,84,53,4
381,90,83,47,4
381,100,86,50,4
381,110,85,52,4
382,0,28,29,6
382,10,17,42,6
382,20,12,44,6
382,30,14,43,6
382,40,12,43,6
382,50,13,41,6
382,60,11,43,6
382,70,11,44,6
382,80,12,40,6
382,90,14,43,6
382,100,12,43,6
382,110,14,43,6
382,120,13,45,6
382,130,14,44,6
382,140,14,43,6
383,0,17,89,12
383,10,20,77,12
383,20,29,70,12
383,30,32,61,12
383,40,24,49,12
383,50,30,46,12
383,60,37,40,12
383,70,36,39,12
383,80,38,40,12
383,90,39,40,12
383,100,36,40,12
383,110,37,40,12
383,120,37,36,12
383,130,39,37,12
384,0,37,79,22
384,10,27,73,22
384,20,23,63,22
384,30,20,53,22
384,40,10,49,22
384,50,6,46,22
385,0,6,60,16
385,10,25,60,16
385,20,30,48,16
385,30,32,43,16
385,40,46,54,16
385,50,46,38,16
385,60,57,32,16
385,70,59,32,16
385,80,57,32,16
385,90,55,30,16
385,100,57,28,16
385,110,58,29,16
386,0,18,87,12
386,10,22,76,12
386,20,27,68,12
386,30,31,61,12
386,40,23,50,12
386,50,27,43,12
386,60,38,38,12
386,70,36,40,12
386,80,38,38,12
386,90,36,39,12
386,100,38,40,12
386,110,37,39,12
387,0,43,50,2
387,10,42,62,2
387,20,43,72,2
387,30,41,85,2
387,40,39,85,2
387,50,43,84,2
387,60,42,83,2
387,70,40,86,2
387,80,43,85,2
387,90,43,82,2
388,0,5,62,16
388,10,24,62,16
388,20,30,47,16
388,30,33,41,16
388,40,48,57,16
388,50,48,35,16
389,0,13,4,10
389,10,28,37,10
389,20,25,60,10
389,30,27,58,10
389,40,24,59,10
390,0,22,39,24
390,10,32,39,24
390,20,33,38,24
390,30,32,38,24
390,40,33,38,24
390,50,33,38,24
390,60,33,37,24
390,70,34,38,24
390,80,31,38,24
390,90,32,38,24
390,100,33,38,24
390,110,31,36,24
390,120,33,35,24
390,130,31,33,24
391,0,41,48,2
391,10,42,61,2
391,20,42,72,2
391,30,42,82,2
391,40,43,85,2
392,0,65,5,18
392,10,54,7,18
392,20,44,9,18
392,30,43,17,18
392,40,50,25,18
392,50,54,35,18
393,0,24,38,24
393,10,34,38,24
393,20,32,38,24
393,30,31,36,24
393,40,32,38,24
394,0,28,71,20
394,10,46,60,20
394,20,48,46,20
394,30,50,39,20
394,40,65,32,20
394,50,65,34,20
394,60,64,32,20
394,70,63,31,20
394,80,63,32,20
394,90,63,31,20
394,100,65,33,20
394,110,64,30,20
394,120,63,31,20
394,130,67,32,20
395,0,31,70,20
395,10,48,63,20
395,20,49,46,20
395,30,50,39,20
395,40,65,31,20
395,50,63,33,20
395,60,62,32,20
395,70,64,33,20
395,80,65,32,20
395,90,61,32,20
396,0,31,14,19
396,10,18,25,19
396,20,8,36,19
396,30,9,35,19
396,40,9,38,19
396,50,6,37,19
396,60,8,37,19
396,70,8,38,19
396,80,8,36,19
396,90,9,40,19
396,100,9,36,19
396,110,8,39,19
396,120,7,38,19
397,0,28,72,20
397,10,48,62,20
397,20,50,45,20
397,30,52,39,20
397,40,65,32,20
397,50,64,33,20
397,60,63,32,20
397,70,65,31,20
397,80,63,32,20
398,0,21,40,24
398,10,34,38,24
398,20,32,38,24
398,30,33,37,24
398,40,32,35,24
398,50,34,35,24
398,60,33,37,24
398,70,34,38,24
399,0,97,6,7
399,10,72,6,7
399,20,70,23,7
399,30,83,41,7
399,40,81,51,7
399,50,89,67,7
399,60,73,69,7
399,70,54,66,7
400,0,37,72,17
400,10,47,59,17
400,20,47,38,17
400,30,50,26,17
400,40,66,23,17
400,50,65,24,17
400,60,67,25,17
400,70,66,24,17
400,80,67,24,17
400,90,64,24,17
400,100,65,22,17
400,110,64,25,17
400,120,65,23,17
