traj_id,time,locx,locy,mode
GSD1,6.9193530751678285,130,175,GSD
GSD2,5.162885835014425,124,78,GSD
GSD2,10.61792679173141,121,79,GSD
GSD2,15.039011674167348,115,76,GSD
GSD2,21.819494158399344,116,76,GSD
GSD3,4.541107680403156,125,169,GSD
GSD3,10.592687589487,131,172,GSD
GSD3,15.65776232677965,130,178,GSD
GSD3,19.667029484443848,127,181,GSD
GSD3,25.136050411817955,126,183,GSD
GSD3,30.20995533378214,125,188,GSD
GSD3,34.00761554170485,124,189,GSD
GSD3,39.40132611848907,124,189,GSD
GSD3,43.448997501750156,123,186,GSD
GSD3,48.28920658293255,123,188,GSD
GSD4,5.769241528466641,143,149,GSD
GSD4,10.120250321406434,146,150,GSD
GSD4,15.876281642967037,147,144,GSD
GSD4,20.719098572099963,153,144,GSD
GSD4,25.10238627928066,156,143,GSD
GSD4,30.077315334483714,162,145,GSD
GSD4,34.36630117160534,163,144,GSD
GSD4,39.497885183114775,168,143,GSD
GSD4,44.35267121049319,170,142,GSD
GSD4,49.43344257691918,170,143,GSD
GSD5,3.557887946353516,168,162,GSD
GSD5,9.744219523055905,170,167,GSD
GSD5,16.177260924170213,166,163,GSD
GSD6,4.733031118955612,142,202,GSD
GSD6,11.083632893143754,146,203,GSD
GSD6,15.26295121105558,149,201,GSD
GSD6,20.647766582911395,150,196,GSD
GSD7,4.715317023050443,127,196,GSD
GSD7,11.210628586070282,129,199,GSD
GSD8,4.830090227258795,31,150,GSD
GSD8,7.995051276934865,30,147,GSD
GSD9,5.593617101647974,36,143,GSD
GSD9,11.24395408912552,30,142,GSD
GSD9,15.645143639493917,35,142,GSD
GSD9,21.389956983694013,37,141,GSD
GSD9,26.97914035010409,36,140,GSD
GSD10,5.4181201324720725,174,115,GSD
GSD10,11.431655064454127,171,111,GSD
GSD11,4.2193946610780655,131,172,GSD
GSD11,11.204887638960704,131,168,GSD
GSD11,16.767142864911076,130,162,GSD
GSD11,21.55405368932288,131,159,GSD
GSD11,27.995978761009034,135,162,GSD
GSD11,32.559654810344355,141,164,GSD
GSD11,37.95083229475267,142,167,GSD
GSD11,42.750813927527204,139,167,GSD
GSD11,47.92197620783349,142,171,GSD
GSD12,5.448673055900836,90,161,GSD
GSD12,9.409114462209168,88,157,GSD
GSD12,14.576284801693207,88,160,GSD
GSD13,5.48862461735664,269,147,GSD
GSD13,10.242883159228564,263,147,GSD
GSD13,15.990646473827548,264,148,GSD
GSD13,23.81570470000309,262,157,GSD
GSD13,29.271190322669753,260,162,GSD
GSD13,32.07576148898588,262,163,GSD
GSD13,37.17963751902169,260,168,GSD
GSD13,41.72809969779543,257,172,GSD
GSD13,47.05292274779857,254,175,GSD
GSD13,52.88473326865672,256,173,GSD
GSD14,4.035414047304765,83,58,GSD
GSD15,6.887718516553155,104,258,GSD
GSD15,9.48256047193416,99,257,GSD
GSD15,17.933534087235806,108,260,GSD
GSD15,20.59562971273661,109,261,GSD
GSD15,24.647607083832607,113,260,GSD
GSD15,28.231059781239512,117,262,GSD
GSD15,34.3743035695435,123,264,GSD
GSD15,39.10941533844747,124,267,GSD
GSD15,45.14626416247906,126,262,GSD
GSD16,6.3176256300033256,127,195,GSD
GSD16,13.134294842791636,124,196,GSD
GSD16,18.07128940938101,121,194,GSD
GSD16,24.016150181387996,120,198,GSD
GSD16,27.590794834714465,119,197,GSD
GSD17,6.138595327250969,238,39,GSD
GSD17,12.106989029034604,240,42,GSD
GSD17,15.06101871367619,243,40,GSD
GSD17,21.71569968686287,249,45,GSD
GSD17,27.23138227473935,253,42,GSD
GSD17,32.9030154598496,257,46,GSD
GSD17,39.431207217122925,261,47,GSD
GSD17,44.206023063563336,255,43,GSD
GSD18,4.868977642101543,33,112,GSD
GSD18,9.287131395929508,30,116,GSD
GSD18,14.68673558390611,33,118,GSD
GSD18,18.715619515238927,33,120,GSD
GSD19,5.193754699157478,49,160,GSD
GSD20,4.440807017113771,304,145,GSD
GSD20,8.94872945811408,304,146,GSD
GSD20,16.040978946761207,304,143,GSD
GSD21,3.0370710003177335,112,81,GSD
GSD21,7.556523737642743,115,80,GSD
GSD22,4.036123795241976,145,267,GSD
GSD22,9.366628576928957,143,271,GSD
GSD22,13.839793002565505,138,269,GSD
GSD22,19.227876863061557,134,264,GSD
GSD22,23.550776657921787,130,266,GSD
GSD22,28.828386688332408,126,266,GSD
GSD22,34.840445128358674,125,263,GSD
GSD23,5.218892030580042,237,123,GSD
GSD23,10.679847594785102,239,121,GSD
GSD23,15.596937223576543,243,124,GSD
GSD23,19.852392478980374,244,122,GSD
GSD23,23.12333899490087,247,121,GSD
GSD23,30.183276272394753,251,117,GSD
GSD23,35.24450036663489,249,117,GSD
GSD24,4.518766114125464,273,186,GSD
GSD24,9.480543527313795,272,185,GSD
GSD25,3.7659596815611334,206,209,GSD
GSD25,8.33543206624644,207,208,GSD
GSD25,11.668838412303494,200,208,GSD
GSD25,18.75206895421363,203,205,GSD
GSD26,4.672859605506191,206,198,GSD
GSD26,9.542498947483503,205,193,GSD
GSD26,15.175131826337235,208,193,GSD
GSD27,4.383195287901063,266,209,GSD
GSD27,11.518506165041494,270,212,GSD
GSD27,15.715292924929646,271,209,GSD
GSD28,6.514535650969124,264,82,GSD
GSD28,10.8563626795145,263,82,GSD
GSD29,4.41588935264733,232,127,GSD
GSD29,7.3242487486192775,232,128,GSD
GSD29,11.26147331936249,230,131,GSD
GSD29,16.22691349740207,228,133,GSD
GSD29,21.664728685660066,232,134,GSD
GSD29,26.33375100055222,231,134,GSD
GSD30,6.577304363324464,223,140,GSD
GSD30,11.380571083306283,226,141,GSD
GSD30,14.432193102743213,231,137,GSD
GSD30,19.063275742801512,232,140,GSD
GSD30,23.925422015735734,231,146,GSD
GSD30,28.08464898682188,233,148,GSD
GSD30,32.39181589771245,234,150,GSD
GSD30,37.56154945688741,236,154,GSD
GSD30,42.86303049650229,239,157,GSD
GSD30,47.89643210953741,239,156,GSD
GSD31,5.675881104486331,111,213,GSD
GSD31,10.244604532426058,110,207,GSD
GSD31,13.963867725270374,116,206,GSD
GSD31,20.45807086614762,117,203,GSD
GSD31,24.962191734721053,121,202,GSD
GSD31,29.73154432196072,121,202,GSD
GSD32,6.573780943096028,282,207,GSD
GSD33,3.398339424797815,166,248,GSD
GSD33,7.988166446193381,171,250,GSD
GSD33,11.923688841424081,174,249,GSD
GSD33,17.080790718285826,174,252,GSD
GSD34,4.489762824996475,117,69,GSD
GSD34,9.948262623886318,120,67,GSD
GSD34,12.974187895058803,119,65,GSD
GSD34,15.556298442598317,116,64,GSD
GSD34,21.443971792543465,119,57,GSD
GSD34,24.825187389585842,118,56,GSD
GSD34,30.176598450994035,117,58,GSD
GSD35,5.559017590744576,80,134,GSD
GSD35,10.704328265364685,83,132,GSD
GSD35,16.29116724361264,88,127,GSD
GSD35,20.28903999052048,86,125,GSD
GSD35,26.23929083037949,84,127,GSD
GSD36,4.82357428290518,101,89,GSD
GSD36,10.213554504120118,100,93,GSD
GSD36,14.009693778499026,98,92,GSD
GSD36,20.222464207936984,99,93,GSD
GSD37,4.522648283550826,156,61,GSD
GSD37,8.501800713885306,159,61,GSD
GSD38,5.29213498384596,234,171,GSD
GSD38,10.898229612398652,241,172,GSD
GSD38,14.933786486845381,244,173,GSD
GSD38,20.424213601789127,246,171,GSD
GSD38,24.53338142245521,252,174,GSD
GSD38,28.396081786801894,257,172,GSD
GSD38,34.273499399582136,256,175,GSD
GSD38,38.691709892233,260,171,GSD
GSD38,44.360487365035894,262,169,GSD
GSD38,49.73466284688545,260,162,GSD
GSD38,54.807554256406654,263,159,GSD
GSD38,60.08651247479506,262,154,GSD
GSD38,65.01006434418619,263,153,GSD
GSD38,68.70239520555492,262,149,GSD
GSD38,73.58123922975275,265,145,GSD
GSD38,79.60775676857384,269,143,GSD
GSD38,84.04705086109168,271,148,GSD
GSD38,89.26310170015745,271,154,GSD
GSD38,94.30988358706834,267,159,GSD
GSD38,98.56383326006798,269,160,GSD
GSD38,103.50970246385337,271,165,GSD
GSD38,107.15510182454194,267,164,GSD
GSD39,5.499321638405815,172,143,GSD
GSD40,2.6588787165440326,152,188,GSD
GSD40,5.617768406311687,153,190,GSD
GSD40,11.321165665772842,150,196,GSD
GSD40,17.39395396061122,148,194,GSD
GSD40,22.258400311483918,149,198,GSD
GSD41,5.216085977433783,148,185,GSD
GSD41,9.302902489413025,149,183,GSD
GSD41,14.251328454101046,150,179,GSD
GSD41,19.123873662965607,149,178,GSD
GSD41,22.973410749923737,150,173,GSD
GSD41,27.585793454797887,150,173,GSD
GSD41,33.08115722808151,150,168,GSD
GSD41,37.039043074928976,147,169,GSD
GSD41,42.045902294346675,143,170,GSD
GSD41,47.1507829133348,138,169,GSD
GSD41,53.6969585016202,141,164,GSD
GSD41,58.5168662367268,139,162,GSD
GSD41,63.95905977843656,135,161,GSD
GSD41,69.28470672231721,130,159,GSD
GSD41,74.87371301375137,125,159,GSD
GSD41,80.57664626640769,128,154,GSD
GSD41,84.93380978873178,129,149,GSD
GSD41,90.48912023852799,126,146,GSD
GSD41,93.74165633188245,125,143,GSD
GSD41,100.34445823562908,126,141,GSD
GSD41,104.09048881186615,127,135,GSD
GSD41,108.96418125118744,122,140,GSD
GSD41,114.6623381372872,119,141,GSD
GSD41,121.63223519544216,116,144,GSD
GSD41,126.78902363298985,116,148,GSD
GSD41,132.2909081259544,120,151,GSD
GSD42,5.705984189180443,161,119,GSD
GSD42,10.86151623769073,164,120,GSD
GSD42,15.0503080914525,165,119,GSD
GSD42,20.203662810347566,170,114,GSD
GSD42,25.475137812943366,167,116,GSD
GSD43,3.625882557911644,317,170,GSD
GSD43,8.161926681530552,322,169,GSD
GSD43,13.565079553352435,319,172,GSD
GSD44,5.645799176624638,136,198,GSD
GSD44,12.232715731884907,131,200,GSD
GSD44,18.057076137996955,130,198,GSD
GSD44,21.436522071946357,129,198,GSD
GSD45,6.657699378609261,49,111,GSD
GSD45,11.551174958710048,48,110,GSD
GSD46,3.7331765504945604,88,128,GSD
GSD46,7.3413096764390104,87,124,GSD
GSD46,13.09815702970531,89,124,GSD
GSD47,6.100550237228482,295,194,GSD
GSD47,10.892257797179909,295,197,GSD
GSD47,16.741697956990144,289,204,GSD
GSD47,21.37578219033427,290,205,GSD
GSD47,25.55489858657235,285,203,GSD
GSD47,31.08950371131236,283,205,GSD
GSD47,37.23513618766839,276,209,GSD
GSD47,42.85879243147098,272,210,GSD
GSD47,46.312233111067506,275,212,GSD
GSD48,4.700553535681264,84,290,GSD
GSD48,8.69297018485746,83,292,GSD
GSD48,12.886809590392144,85,293,GSD
GSD49,4.159775152618339,206,143,GSD
GSD49,8.475397786510229,208,143,GSD
GSD50,4.253190294538509,225,168,GSD
GSD50,9.054255739611019,221,171,GSD
GSD50,12.665460289820036,222,173,GSD
GSD50,18.20403157049932,219,176,GSD
GSD50,22.230954965054536,219,176,GSD
GSD50,28.558761878304125,216,182,GSD
GSD50,32.48711140915722,216,179,GSD
GSD51,6.636801339347029,137,132,GSD
GSD51,11.645087455204619,136,133,GSD
GSD52,5.644369165967553,26,151,GSD
GSD52,10.389959429854901,25,152,GSD
GSD52,15.469463583671626,30,155,GSD
GSD52,21.59400920748029,31,155,GSD
GSD53,2.0178114470070736,137,201,GSD
GSD53,7.558811621941587,137,202,GSD
GSD54,5.213210463650768,318,143,GSD
GSD54,9.397026344741334,318,143,GSD
GSD55,5.736803687293436,150,176,GSD
GSD56,5.956333936471385,234,147,GSD
GSD56,11.958570901602002,229,142,GSD
GSD56,16.4211259859615,230,138,GSD
GSD56,23.680140403343223,233,140,GSD
GSD57,5.5814632350177735,258,128,GSD
GSD58,4.709112506231672,240,128,GSD
GSD58,8.239704780694193,240,131,GSD
GSD58,13.778042682362742,235,132,GSD
GSD58,19.654421517659607,231,136,GSD
GSD58,23.891927791361063,231,135,GSD
GSD58,29.95637964833219,230,139,GSD
GSD58,36.24891900074277,234,145,GSD
GSD58,39.05367842364797,233,145,GSD
GSD58,45.22984126951821,238,149,GSD
GSD58,51.77173269751133,234,150,GSD
GSD59,4.138630675031518,65,156,GSD
GSD59,10.836227498552653,60,154,GSD
GSD59,17.259610149568964,61,153,GSD
GSD60,4.027004772548995,167,202,GSD
GSD60,7.4918542007970785,169,199,GSD
GSD61,4.4558743785661825,206,106,GSD
GSD61,9.667567516423418,208,103,GSD
GSD61,13.314790288748528,209,100,GSD
GSD61,18.05319778986327,210,101,GSD
GSD62,6.513445048169476,96,110,GSD
GSD62,11.792587265941084,95,112,GSD
GSD63,6.5196980612455055,89,159,GSD
GSD63,13.107414206266366,86,159,GSD
GSD63,16.896625417747735,84,158,GSD
GSD63,22.038752703638206,80,159,GSD
GSD63,26.36344297862876,77,156,GSD
GSD63,31.360666198766765,73,157,GSD
GSD63,36.12797107526948,67,156,GSD
GSD63,42.397782550829355,66,156,GSD
GSD64,5.9323762721197975,243,27,GSD
GSD65,5.037126853155135,263,157,GSD
GSD65,9.010793989832635,263,157,GSD
GSD65,13.292240622153454,262,155,GSD
GSD66,5.761924949918543,297,172,GSD
GSD66,10.253872076816613,293,178,GSD
GSD66,15.970953639878804,295,182,GSD
GSD66,21.356759668273156,295,188,GSD
GSD66,24.946446821195302,293,184,GSD
GSD67,4.8252599061330965,268,190,GSD
GSD67,8.614294959276013,270,189,GSD
GSD67,15.004244497648513,273,183,GSD
GSD67,19.609678894187606,273,183,GSD
GSD67,25.320875821755312,273,185,GSD
GSD68,5.98962087291065,326,166,GSD
GSD68,11.069853078473827,329,168,GSD
GSD68,16.806936236002624,333,163,GSD
GSD68,21.941357676947895,334,162,GSD
GSD68,27.207476954573266,335,162,GSD
GSD69,5.315103801603723,143,253,GSD
GSD69,10.419483319951848,146,251,GSD
GSD69,14.172010817388454,149,249,GSD
GSD69,18.403138787557076,150,252,GSD
GSD69,21.41533916826575,154,249,GSD
GSD69,26.33731361834583,160,248,GSD
GSD69,30.554341544490935,164,250,GSD
GSD69,33.656706461778896,166,250,GSD
GSD69,38.860801829366984,172,251,GSD
GSD69,43.56914996981818,174,251,GSD
GSD69,49.086696932181624,173,251,GSD
GSD70,4.662950261956409,302,173,GSD
GSD70,9.172351589273049,305,172,GSD
GSD70,13.73020863498385,303,173,GSD
GSD71,4.7571724598821294,237,153,GSD
GSD71,8.970316097170464,235,150,GSD
GSD71,15.376686551132263,236,151,GSD
GSD72,5.930749579252049,270,162,GSD
GSD72,9.792839553298142,268,158,GSD
GSD72,14.369227730437483,270,153,GSD
GSD72,17.172707730226524,268,155,GSD
GSD72,19.060445695677842,268,155,GSD
GSD72,25.965265739007243,272,149,GSD
GSD72,32.20199159914996,279,151,GSD
GSD72,36.703342023973875,282,151,GSD
GSD72,41.62610367136348,285,150,GSD
GSD72,45.59177673763957,284,147,GSD
GSD72,50.17262872801862,291,149,GSD
GSD72,56.10291455831958,296,148,GSD
GSD72,59.99285953108141,300,148,GSD
GSD72,63.52958612008336,304,146,GSD
GSD72,69.44048506558761,306,146,GSD
GSD72,75.2352099438011,305,146,GSD
GSD73,4.6542335637803784,25,149,GSD
GSD73,10.238135607029191,24,153,GSD
GSD73,15.042633778339383,24,157,GSD
GSD73,21.368479702210944,19,156,GSD
GSD74,5.505408247964405,267,195,GSD
GSD74,9.834193316543644,270,199,GSD
GSD74,14.673151857721257,270,201,GSD
GSD75,3.826565605478195,41,185,GSD
GSD75,9.10070647588513,37,181,GSD
GSD75,14.381020972801492,42,179,GSD
GSD75,18.162598785235254,42,173,GSD
GSD75,24.03457841769677,43,168,GSD
GSD75,28.40190610132389,42,168,GSD
GSD75,34.63737284324508,43,167,GSD
GSD75,40.08522935932014,49,169,GSD
GSD75,44.132960617195856,49,172,GSD
GSD75,49.934257031688176,49,175,GSD
GSD75,55.18534732396539,54,178,GSD
GSD75,60.09149013360749,55,178,GSD
GSD76,4.448200712736002,312,146,GSD
GSD77,3.801281824914569,262,82,GSD
GSD77,7.64359634096826,264,82,GSD
GSD78,6.067875279977725,69,177,GSD
GSD79,3.679397884056396,53,137,GSD
GSD79,6.503730516857775,48,135,GSD
GSD79,12.66170117657439,47,137,GSD
GSD79,16.443574028598714,48,135,GSD
GSD80,3.9067983424715598,48,170,GSD
GSD80,9.220263218179436,50,177,GSD
GSD80,14.862435010656435,51,180,GSD
GSD80,21.25418065533773,51,182,GSD
GSD80,28.748332660236642,50,191,GSD
GSD80,33.910782770077375,49,189,GSD
GSD81,4.613301328793942,94,195,GSD
GSD81,9.352805358750437,92,197,GSD
GSD81,14.087979127372321,93,199,GSD
GSD81,18.917837644249687,89,203,GSD
GSD81,23.5221078578953,87,204,GSD
GSD81,28.220979760206447,84,206,GSD
GSD81,33.80685931130759,83,209,GSD
GSD82,7.38171007680313,52,137,GSD
GSD82,11.078704054836587,57,141,GSD
GSD82,16.89702344605074,56,143,GSD
GSD82,23.336726575292374,58,146,GSD
GSD82,28.215238494893903,59,143,GSD
GSD83,5.133570156796425,83,174,GSD
GSD83,10.625329390485584,76,173,GSD
GSD83,14.850118396932077,76,177,GSD
GSD83,20.153851732136314,71,177,GSD
GSD83,25.397489489885192,67,177,GSD
GSD83,29.70826199076607,61,176,GSD
GSD83,32.28943662691317,62,175,GSD
GSD83,36.176137793696086,60,179,GSD
GSD83,41.78215282595413,58,176,GSD
GSD84,5.3466754332834245,105,164,GSD
GSD84,10.28141565388496,102,161,GSD
GSD84,14.629399313442802,98,160,GSD
GSD84,20.285883747555438,90,160,GSD
GSD84,27.268212435463766,84,156,GSD
GSD84,33.74991450216485,89,158,GSD
GSD85,4.8186781909462075,169,141,GSD
GSD85,10.95833409144621,171,142,GSD
GSD85,17.16977427220746,180,140,GSD
GSD85,22.77835516683668,183,140,GSD
GSD85,27.823108027136897,184,138,GSD
GSD85,31.73097131823627,187,141,GSD
GSD85,35.53574302426101,190,138,GSD
GSD85,41.12935722151136,192,135,GSD
GSD85,45.33327012812609,194,141,GSD
GSD85,50.85604678803332,200,147,GSD
GSD85,53.63457085760165,198,146,GSD
GSD85,60.54667202238467,198,142,GSD
GSD86,4.013787411909979,162,121,GSD
GSD86,8.789214591184626,158,118,GSD
GSD86,13.977227837561092,154,122,GSD
GSD86,19.780915272768866,155,121,GSD
GSD87,4.855326273360985,341,135,GSD
GSD87,9.999393881884838,348,137,GSD
GSD87,13.58387926059175,346,137,GSD
GSD87,18.743487981139538,348,138,GSD
GSD88,4.212969191418127,194,221,GSD
GSD89,3.474018317060864,180,138,GSD
GSD89,8.015153269471469,183,137,GSD
GSD89,13.106030349585945,187,142,GSD
GSD89,18.75753584296101,191,138,GSD
GSD89,23.714163857764852,195,139,GSD
GSD89,29.659162524847268,196,142,GSD
GSD89,33.30232920351099,197,143,GSD
GSD89,36.39240096194406,196,144,GSD
GSD89,41.90421061127923,199,145,GSD
GSD90,6.703555455283826,317,140,GSD
GSD90,11.403110074382523,318,145,GSD
GSD90,14.476532651896154,319,144,GSD
GSD91,5.384316062686153,38,147,GSD
GSD91,8.70639858894977,34,146,GSD
GSD91,13.001318351435998,35,143,GSD
GSD91,18.15344769161596,35,140,GSD
GSD92,4.266960895010197,230,138,GSD
GSD92,9.825157048492859,228,133,GSD
GSD92,16.26036757622787,234,128,GSD
GSD92,21.305791204004315,231,121,GSD
GSD92,26.745881874233458,237,123,GSD
GSD92,33.24580239452034,239,126,GSD
GSD93,4.275192879832905,156,251,GSD
GSD93,9.194910924583109,161,252,GSD
GSD93,14.310645910599476,164,251,GSD
GSD93,20.51153345635781,172,251,GSD
GSD93,23.76622314892144,174,248,GSD
GSD94,4.943011287475626,290,103,GSD
GSD94,11.489359967549252,295,102,GSD
GSD95,6.218282852684268,235,172,GSD
GSD95,10.945729462552173,234,169,GSD
GSD95,16.63080950943948,240,166,GSD
GSD95,21.950768535781144,241,164,GSD
GSD95,26.824489945626226,241,162,GSD
GSD96,3.840259334968839,191,110,GSD
GSD96,8.194279947609386,189,108,GSD
GSD96,12.922842058574407,186,110,GSD
GSD96,19.273169827346255,184,112,GSD
GSD97,4.567717477654405,262,161,GSD
GSD97,10.908492224506931,263,155,GSD
GSD97,14.687980092336499,261,158,GSD
GSD98,4.814719622075744,235,149,GSD
GSD98,9.12749514745367,235,148,GSD
GSD99,2.8217262658802045,162,59,GSD
GSD99,8.923956757075242,164,55,GSD
GSD100,3.919024304183007,116,53,GSD
GSD100,9.853596331011538,118,58,GSD
GSD100,14.918550497093959,121,62,GSD
GSD100,19.637437781179962,120,64,GSD
GSD101,5.671822539882559,295,179,GSD
GSD101,9.858382429869081,292,185,GSD
GSD101,15.146663787430736,292,188,GSD
GSD101,21.554416245442262,296,187,GSD
GSD102,2.0836827015193826,231,100,GSD
GSD102,7.816633767871863,238,104,GSD
GSD102,14.714795412509893,236,109,GSD
GSD102,19.735292918337496,239,112,GSD
GSD102,22.734757957539596,239,112,GSD
GSD103,5.364966623970112,122,191,GSD
GSD103,9.164047032938049,120,189,GSD
GSD103,14.287201168162595,114,187,GSD
GSD103,19.215800278128867,113,186,GSD
GSD103,23.938471140526456,107,185,GSD
GSD103,29.69590788319666,105,181,GSD
GSD103,34.37706405046295,102,182,GSD
GSD103,39.88311705576346,100,180,GSD
GSD104,5.161470074529917,234,43,GSD
GSD104,9.327135302869966,234,42,GSD
GSD105,3.7516284834565434,139,182,GSD
GSD105,9.666212369462002,138,186,GSD
GSD105,16.561021948290033,134,184,GSD
GSD106,6.322835828714913,87,122,GSD
GSD106,12.009480470218138,91,118,GSD
GSD106,16.27793387280748,93,117,GSD
GSD106,23.064808912003805,96,111,GSD
GSD106,27.385210326788922,96,106,GSD
GSD106,32.457798189297,94,103,GSD
GSD106,36.82869944448724,95,98,GSD
GSD106,41.52553862879006,97,97,GSD
GSD106,47.43390796702681,97,98,GSD
GSD107,7.100194722669446,253,221,GSD
GSD107,12.01775207828554,252,219,GSD
GSD108,4.802228481452219,160,175,GSD
GSD108,10.508645081159976,161,169,GSD
GSD108,16.212884152458667,166,169,GSD
GSD108,20.70172813213148,166,172,GSD
GSD109,3.715796065575403,50,182,GSD
GSD109,7.300738600175894,49,184,GSD
GSD109,13.113815701164604,48,180,GSD
GSD110,4.958764080517556,164,197,GSD
GSD110,11.11276935874783,166,200,GSD
GSD110,16.506748270252988,169,204,GSD
GSD110,21.61918725272552,170,200,GSD
GSD111,5.903741924722403,150,170,GSD
GSD111,12.299239402394807,144,170,GSD
GSD111,17.744917228356297,140,167,GSD
GSD112,5.766487008148496,293,199,GSD
GSD112,10.19055831351341,291,201,GSD
GSD113,4.745603589007796,338,155,GSD
GSD113,10.315327358122978,338,159,GSD
GSD113,15.905701942952383,336,161,GSD
GSD114,4.605162162827623,236,95,GSD
GSD114,10.35656138861007,236,96,GSD
GSD114,17.071687045038402,233,89,GSD
GSD114,21.821919508638167,239,86,GSD
GSD114,26.621083444035847,239,84,GSD
GSD114,31.51068496931325,245,83,GSD
GSD114,37.79253154873924,252,83,GSD
GSD114,42.949841267435765,256,87,GSD
GSD114,47.91460867401429,251,82,GSD
GSD115,5.872758957191953,163,196,GSD
GSD116,4.6712603320471935,207,195,GSD
GSD116,10.320450034531593,210,188,GSD
GSD116,15.230391335740482,210,187,GSD
GSD116,20.152220813818303,213,184,GSD
GSD116,24.151223521189255,214,182,GSD
GSD116,28.942905227664966,216,180,GSD
GSD116,34.44506848184105,220,174,GSD
GSD116,41.11117808045512,220,175,GSD
GSD117,5.014746809598245,144,249,GSD
GSD117,9.536853932978747,149,251,GSD
GSD117,15.489669405025333,154,249,GSD
GSD117,22.876918152512452,161,252,GSD
GSD117,26.752150216937263,163,253,GSD
GSD117,33.5952574134669,166,249,GSD
GSD118,5.4236961576008245,304,171,GSD
GSD118,11.577140220569426,300,170,GSD
GSD118,15.64011816051786,295,170,GSD
GSD118,22.126216219625086,296,170,GSD
GSD119,4.887478681919915,95,110,GSD
GSD119,9.785049501459383,92,110,GSD
GSD119,15.74739724255339,94,115,GSD
GSD119,21.054217633358217,92,119,GSD
GSD119,25.04445135341262,91,122,GSD
GSD119,30.41928463967126,90,125,GSD
GSD119,36.694546934247704,87,127,GSD
GSD119,40.168977863990776,86,128,GSD
GSD119,44.84207918558447,86,132,GSD
GSD119,49.8251923478187,85,132,GSD
GSD120,4.540265364474042,165,253,GSD
GSD120,8.979230677613717,160,252,GSD
GSD120,11.718964312396785,156,251,GSD
GSD120,15.577900534926416,154,250,GSD
GSD120,21.779817291958018,148,252,GSD
GSD120,28.224212221591088,142,250,GSD
GSD120,33.98088067757097,151,255,GSD
GSD120,39.90640191062788,144,260,GSD
GSD120,46.3149924988472,146,264,GSD
GSD120,52.64483911647757,145,265,GSD
GSD121,3.7209569359462957,180,140,GSD
GSD121,9.349703393087662,185,139,GSD
GSD121,13.825760218466165,188,138,GSD
GSD121,17.99056458017763,187,140,GSD
GSD122,4.0402601030611365,31,117,GSD
GSD123,5.934991861631972,147,176,GSD
GSD123,10.353728156756652,149,178,GSD
GSD123,16.563014425465475,150,180,GSD
GSD124,3.7551042638039838,144,169,GSD
GSD124,9.26643276889033,139,165,GSD
GSD124,14.099101175019287,142,169,GSD
GSD125,4.285329957660723,236,217,GSD
GSD125,8.564598962596381,239,222,GSD
GSD125,14.066390453542613,241,221,GSD
GSD125,18.916758429610688,241,225,GSD
GSD126,2.584828159529874,189,135,GSD
GSD126,7.359782550314382,187,138,GSD
GSD126,11.393131385765681,188,140,GSD
GSD127,4.749019851216914,317,147,GSD
GSD127,9.50620772864952,316,142,GSD
GSD127,15.357857298012313,308,143,GSD
GSD127,19.762037071981958,305,146,GSD
GSD127,25.708309246717647,299,146,GSD
GSD127,31.09526149975402,297,148,GSD
GSD127,36.45681944025993,290,148,GSD
GSD127,40.99842864834706,286,148,GSD
GSD127,44.91244818013912,288,150,GSD
GSD127,50.46515769539611,281,151,GSD
GSD127,56.78844018378882,275,147,GSD
GSD127,64.41970197753874,270,150,GSD
GSD127,70.19804435720694,267,153,GSD
GSD127,75.51567339462687,268,160,GSD
GSD127,81.8313427628078,270,164,GSD
GSD127,88.68756550668478,270,169,GSD
GSD127,93.52328157264522,271,166,GSD
GSD128,5.306852229133342,150,75,GSD
GSD128,9.150874581921839,143,76,GSD
GSD128,13.426789725069,142,77,GSD
GSD128,18.010502391259987,138,76,GSD
GSD128,22.702546827353203,134,77,GSD
GSD128,27.15400282294792,129,79,GSD
GSD128,33.099104996245856,125,77,GSD
GSD128,37.60447932240732,121,77,GSD
GSD128,41.77944251439618,120,76,GSD
GSD128,44.85716688939437,117,75,GSD
GSD129,4.17647294035617,58,177,GSD
GSD129,9.433227585648192,61,177,GSD
GSD130,5.359309896129979,88,292,GSD
GSD131,4.357706529073785,19,146,GSD
GSD131,9.427559908935109,23,146,GSD
GSD131,13.8848601987414,23,146,GSD
GSD132,6.169313009092089,341,151,GSD
GSD132,10.38025462873447,342,151,GSD
GSD132,13.859299954588757,342,149,GSD
GSD133,6.188036208697226,30,120,GSD
GSD133,11.411753802968558,27,119,GSD
GSD133,15.151031575228059,30,111,GSD
GSD133,17.67384525120239,32,116,GSD
GSD133,21.359739562054703,33,118,GSD
GSD133,26.022729636035443,34,114,GSD
GSD133,31.710552248683598,40,112,GSD
GSD133,37.91819862573938,44,112,GSD
GSD133,42.721418981694775,43,109,GSD
GSD134,5.901915357300943,224,31,GSD
GSD134,11.22400346191768,225,37,GSD
GSD134,15.512341301421342,230,37,GSD
GSD134,20.936288886736023,227,38,GSD
GSD135,3.4346360948707035,116,79,GSD
GSD135,9.277379730028201,120,80,GSD
GSD135,13.665897461067438,119,85,GSD
GSD135,17.14937879250791,120,83,GSD
GSD136,6.703271161721933,48,194,GSD
GSD136,11.500076401999335,48,198,GSD
GSD136,15.607407074797859,45,201,GSD
GSD136,19.123464794726583,47,205,GSD
GSD136,25.45821939642929,46,205,GSD
GSD137,6.0400657106579825,97,282,GSD
GSD137,10.911811772046278,92,286,GSD
GSD137,14.625236778703938,94,285,GSD
GSD137,18.904188439024292,94,285,GSD
GSD138,5.215106232185098,223,169,GSD
GSD138,10.525288792996996,227,169,GSD
GSD138,16.6542824552645,227,170,GSD
GSD139,6.134086502604617,104,184,GSD
GSD139,12.440287799103352,102,181,GSD
GSD139,16.721933725993924,99,180,GSD
GSD139,20.08729318437833,99,180,GSD
GSD139,26.371960633104862,93,176,GSD
GSD139,33.23394364221461,93,176,GSD
GSD140,3.835062277326611,119,99,GSD
GSD140,10.266516797667755,123,101,GSD
GSD140,14.129311353200544,123,108,GSD
GSD140,19.973079688944452,124,111,GSD
GSD140,25.249260068428224,125,115,GSD
GSD140,29.62058966047312,124,117,GSD
GSD140,36.3841730352427,127,122,GSD
GSD140,40.33646165828292,125,125,GSD
GSD140,45.791114737989744,129,128,GSD
GSD140,49.537598742469285,128,131,GSD
GSD140,55.01149745636199,126,134,GSD
GSD140,60.82476148715835,126,133,GSD
GSD141,5.5946187003509324,262,127,GSD
GSD141,10.34819955683739,261,128,GSD
GSD141,13.821352259972866,256,128,GSD
GSD141,21.15936137166649,252,127,GSD
GSD141,27.36360310332684,248,122,GSD
GSD141,32.49930810759251,244,125,GSD
GSD141,36.339658848567225,243,129,GSD
GSD141,41.743596830204126,244,129,GSD
GSD142,3.7241624723984246,64,68,GSD
GSD142,7.439723319476501,64,68,GSD
GSD142,14.910953972623194,63,66,GSD
GSD143,2.865226177185513,246,125,GSD
GSD143,9.324671111016357,250,126,GSD
GSD143,14.047490595339914,255,126,GSD
GSD143,20.176796024296284,258,130,GSD
GSD143,23.741528972464717,257,130,GSD
GSD144,3.1590701691850342,153,125,GSD
GSD144,9.020327341638755,155,121,GSD
GSD144,12.754097503462942,158,119,GSD
GSD144,17.2448191491898,161,118,GSD
GSD144,21.703571542647794,165,120,GSD
GSD144,27.57071900901795,167,118,GSD
GSD144,33.011516655732514,171,116,GSD
GSD144,37.562970303833,174,115,GSD
GSD144,42.189623411619905,177,113,GSD
GSD144,47.9114866197356,181,112,GSD
GSD144,53.90454961775646,186,112,GSD
GSD144,56.577481078326365,184,108,GSD
GSD144,61.65381452035703,191,105,GSD
GSD144,67.34865504863374,191,111,GSD
GSD144,72.0887617227971,196,111,GSD
GSD144,75.93513650037649,200,109,GSD
GSD144,84.52313359030217,203,107,GSD
GSD145,6.455025503599688,137,160,GSD
GSD145,11.817209612300859,133,159,GSD
GSD145,16.79780145064168,128,159,GSD
GSD145,22.15603978808112,132,164,GSD
GSD145,28.083179941263065,131,165,GSD
GSD146,6.848199390327,237,53,GSD
GSD146,11.014654567221996,237,49,GSD
GSD146,15.97783109326118,234,49,GSD
GSD146,21.532086317292244,237,48,GSD
GSD147,5.327748720041066,59,175,GSD
GSD147,10.026358448893117,60,175,GSD
GSD147,15.248234791591777,55,177,GSD
GSD147,19.580306996897537,52,175,GSD
GSD147,23.6843479499216,51,179,GSD
GSD147,28.741421991323506,51,182,GSD
GSD147,32.67426258751716,50,184,GSD
GSD147,36.59254940808067,49,182,GSD
GSD148,4.469215879534951,168,116,GSD
GSD148,8.755992439669765,172,110,GSD
GSD148,14.50884872455029,169,114,GSD
GSD149,4.406879336340316,196,211,GSD
GSD149,11.660735789295227,197,207,GSD
GSD149,17.806483699976443,190,203,GSD
GSD149,24.69010448442116,189,206,GSD
GSD149,29.840933659397898,189,206,GSD
GSD150,6.925498166407207,152,146,GSD
GSD150,11.871146904122494,155,145,GSD
GSD150,15.853603496747779,158,142,GSD
GSD150,20.642495144721668,160,143,GSD
GSD150,26.922436343056603,168,142,GSD
GSD150,31.06977471220027,172,141,GSD
GSD150,36.542290750226655,177,139,GSD
GSD150,41.39194489765062,180,140,GSD
GSD150,44.50011260877238,181,140,GSD
GSD151,5.392023148952808,30,121,GSD
GSD151,11.19759450977188,29,125,GSD
GSD151,17.60248896701394,25,126,GSD
GSD151,22.117398961258896,27,125,GSD
GSD152,6.677276474886898,22,158,GSD
GSD152,11.825264502169851,22,158,GSD
GSD153,3.5627803395362325,237,220,GSD
GSD153,9.361666742390584,242,221,GSD
GSD153,13.58019596602037,244,223,GSD
GSD153,19.935904583310624,241,226,GSD
GSD154,4.910074741193964,139,185,GSD
GSD154,8.173621464233534,142,182,GSD
GSD154,11.89178382416543,143,186,GSD
GSD154,16.75952236772453,143,186,GSD
GSD155,5.053271904296082,44,168,GSD
GSD155,9.644202254855694,46,166,GSD
GSD155,14.269989833575801,44,169,GSD
GSD155,18.47211427882564,48,172,GSD
GSD155,22.788032898381555,49,177,GSD
GSD155,27.367166969823376,52,177,GSD
GSD155,31.984727415738426,50,182,GSD
GSD155,37.89202214113934,50,182,GSD
GSD155,44.67277649283412,48,190,GSD
GSD155,50.46889318862871,47,194,GSD
GSD155,54.85805550200131,49,191,GSD
GSD155,57.96916510399842,49,190,GSD
GSD156,3.1543233810055087,238,111,GSD
GSD156,7.671194028026333,237,107,GSD
GSD156,13.580129123726225,235,103,GSD
GSD156,18.101175563695488,232,100,GSD
GSD156,22.323740047047018,237,97,GSD
GSD156,26.236298387445935,234,96,GSD
GSD157,5.572631123909732,199,145,GSD
GSD157,9.089649992518687,204,145,GSD
GSD157,15.228132877161649,203,146,GSD
GSD158,2.0876592563300207,34,199,GSD
GSD158,7.847258057900984,38,197,GSD
GSD158,12.019268893003023,38,192,GSD
GSD158,19.48076489062296,41,191,GSD
GSD159,5.801697805113126,146,171,GSD
GSD159,11.351798054769578,149,170,GSD
GSD159,13.389076100744006,148,170,GSD
GSD160,2.944658770235969,121,99,GSD
GSD160,8.276623860768265,120,101,GSD
GSD160,13.047573968749921,118,102,GSD
GSD161,3.90398173224807,126,132,GSD
GSD161,9.14870248147431,129,124,GSD
GSD161,14.616748395832962,123,124,GSD
GSD161,18.31859261457692,125,124,GSD
GSD162,4.523975969582802,203,142,GSD
GSD162,9.204180753789535,204,142,GSD
GSD163,4.868567725511895,65,69,GSD
GSD163,9.314740018653108,62,66,GSD
GSD163,13.881603389508907,67,65,GSD
GSD163,18.129755121764866,71,66,GSD
GSD163,23.443983900353757,76,64,GSD
GSD163,29.252396710145742,82,66,GSD
GSD163,34.027692985782295,83,64,GSD
GSD163,39.59811023036889,81,60,GSD
GSD163,45.10790336899594,85,58,GSD
GSD164,3.8033803170176643,117,78,GSD
GSD164,9.310770426944686,117,78,GSD
GSD164,13.418455013821394,120,85,GSD
GSD164,17.39276446883073,120,85,GSD
GSD164,23.55225136094197,120,92,GSD
GSD164,28.7702772954723,121,95,GSD
GSD164,34.00022248555991,120,96,GSD
GSD165,4.89237820167976,292,105,GSD
GSD165,9.187520461636751,291,105,GSD
GSD165,14.536504845429622,288,109,GSD
GSD165,16.832410722785283,288,104,GSD
GSD165,22.42625628380376,282,112,GSD
GSD165,26.432033418636014,280,113,GSD
GSD165,31.972193039638757,279,115,GSD
GSD165,37.88203380723435,277,121,GSD
GSD165,43.51092335630923,275,122,GSD
GSD165,46.69388098134379,269,124,GSD
GSD165,49.81884209784433,268,125,GSD
GSD165,54.5666841902297,266,124,GSD
GSD165,58.648399838599374,261,126,GSD
GSD165,63.13354518029735,259,128,GSD
GSD165,68.43422237614527,256,126,GSD
GSD165,73.82756650507525,251,127,GSD
GSD165,78.86369196634135,247,125,GSD
GSD165,83.74297684692795,253,124,GSD
GSD165,87.43288536751268,250,124,GSD
GSD166,6.426282921445315,273,184,GSD
GSD166,11.985472869060557,269,182,GSD
GSD167,5.676639811940908,193,225,GSD
GSD167,9.735912261904883,192,221,GSD
GSD167,12.756046537296633,193,220,GSD
GSD167,17.844251613947478,195,218,GSD
GSD167,22.821133213877545,197,212,GSD
GSD167,27.37388804455187,196,208,GSD
GSD167,32.70237839237058,200,207,GSD
GSD167,38.760194378197916,200,206,GSD
GSD168,5.44168786006792,271,149,GSD
GSD168,8.082031460386654,271,144,GSD
GSD168,11.046188376959378,271,145,GSD
GSD168,15.64148900162916,267,146,GSD
GSD168,20.30280503042117,264,147,GSD
GSD168,24.648861888753807,264,145,GSD
GSD169,4.822296868572392,43,112,GSD
GSD169,11.26028824905841,52,112,GSD
GSD169,14.72894123039977,53,116,GSD
GSD169,21.15687990391099,53,114,GSD
GSD170,4.7141063404046255,234,94,GSD
GSD170,11.094472850802017,234,88,GSD
GSD170,15.99719932957953,234,84,GSD
GSD170,21.64322224830394,233,80,GSD
GSD170,27.804725634641425,236,75,GSD
GSD170,33.52632937133331,235,71,GSD
GSD170,38.104894423598864,237,68,GSD
GSD170,43.92554451558286,236,63,GSD
GSD170,49.72551035984607,235,61,GSD
GSD171,6.41789893471567,48,198,GSD
GSD171,12.177851077771859,46,202,GSD
GSD171,17.32826818816349,45,205,GSD
GSD172,4.634289202128775,119,82,GSD
GSD172,9.101717585563998,116,81,GSD
GSD172,14.120450928359173,118,76,GSD
GSD172,18.640982094799796,116,80,GSD
GSD172,22.26028784409067,112,80,GSD
GSD172,26.741371351308103,107,81,GSD
GSD172,30.149966993496122,109,78,GSD
GSD173,5.532669445254697,42,161,GSD
GSD173,10.461452536837603,40,164,GSD
GSD173,14.955195328092834,43,165,GSD
GSD173,20.859552419661917,45,167,GSD
GSD174,6.796962230651169,156,146,GSD
GSD174,12.311980274949903,158,145,GSD
GSD174,17.816416718881023,164,144,GSD
GSD174,22.13211037327207,168,140,GSD
GSD174,27.727799864714243,166,141,GSD
GSD175,4.837253859910682,161,121,GSD
GSD175,10.70436731111488,168,117,GSD
GSD175,15.330290814481168,167,118,GSD
GSD175,21.740868736704048,173,114,GSD
GSD175,25.812331852661394,170,116,GSD
GSD176,6.045434868323394,328,141,GSD
GSD176,12.129697631069357,322,141,GSD
GSD176,18.337963462619985,319,143,GSD
GSD176,24.2608339474246,319,140,GSD
GSD177,3.7279312585222115,268,123,GSD
GSD177,10.816383577787528,268,126,GSD
GSD178,7.071590762755843,232,128,GSD
GSD178,13.492393772040758,231,133,GSD
GSD178,18.869137290210812,229,137,GSD
GSD178,22.958806942644312,234,137,GSD
GSD178,28.853835769800536,238,131,GSD
GSD178,32.89219740430577,242,127,GSD
GSD178,38.12788039702147,243,130,GSD
GSD179,4.388692864026545,106,84,GSD
GSD179,9.647321693057075,104,84,GSD
GSD180,5.593665198017787,125,185,GSD
GSD180,10.4628864369727,127,182,GSD
GSD180,15.07311438094931,127,181,GSD
GSD181,5.3465144837028955,139,134,GSD
GSD181,11.719568950284046,144,129,GSD
GSD181,16.592902370930833,145,128,GSD
GSD181,20.58008743207917,143,126,GSD
GSD182,5.086420413910462,85,174,GSD
GSD182,9.777796478667666,91,175,GSD
GSD182,14.502989231790814,93,177,GSD
GSD182,20.37302327170827,94,177,GSD
GSD182,24.205820219272447,96,183,GSD
GSD182,29.546875184982326,95,187,GSD
GSD182,35.235560578043085,95,195,GSD
GSD182,40.61716312839561,95,200,GSD
GSD182,46.689488795039125,94,200,GSD
GSD183,6.628445240368567,123,191,GSD
GSD183,12.168206613380786,122,192,GSD
GSD183,16.103600273026863,124,194,GSD
GSD183,21.685551603862926,127,198,GSD
GSD183,26.93461516571859,126,196,GSD
GSD184,4.31230834923749,37,115,GSD
GSD184,7.400102873843612,39,113,GSD
GSD184,14.105488413447983,39,112,GSD
GSD185,7.842885002906585,146,152,GSD
GSD185,14.397297951275704,147,149,GSD
GSD186,4.024120103875315,50,180,GSD
GSD186,10.760113349883323,52,177,GSD
GSD186,17.52145755962302,44,172,GSD
GSD186,23.984729718128627,45,168,GSD
GSD187,4.1216745726148405,151,254,GSD
GSD187,7.596697846721281,154,251,GSD
GSD187,11.967244101919174,160,250,GSD
GSD187,17.613342203194357,163,252,GSD
GSD187,22.847084425385283,167,252,GSD
GSD187,27.928904508340704,169,249,GSD
GSD187,32.10611874701012,174,249,GSD
GSD188,3.000533810337824,207,103,GSD
GSD188,8.51168975010691,210,101,GSD
GSD188,13.31003368257737,211,96,GSD
GSD188,16.815834377210294,213,94,GSD
GSD188,22.27490971385107,215,89,GSD
GSD188,27.95941652650378,218,87,GSD
GSD188,31.83301505545682,220,88,GSD
GSD188,37.89811295089604,227,88,GSD
GSD188,42.00280847434658,223,86,GSD
GSD189,6.424453997917532,286,112,GSD
GSD189,12.588045090871573,279,116,GSD
GSD189,17.88637348063005,284,112,GSD
GSD190,5.927990193461717,66,68,GSD
GSD190,12.501956709236397,65,70,GSD
GSD190,17.45550472278592,63,73,GSD
GSD190,22.89652632475736,63,77,GSD
GSD190,26.683988973473667,65,83,GSD
GSD190,34.030467078060134,65,84,GSD
GSD191,4.118706543776835,172,202,GSD
GSD191,9.276859396647469,178,203,GSD
GSD191,14.244782663963553,179,206,GSD
GSD191,19.435553347259408,181,207,GSD
GSD191,24.563212976489044,187,206,GSD
GSD191,30.03459457485509,191,205,GSD
GSD191,36.36382606615442,192,206,GSD
GSD192,5.488290343864828,128,158,GSD
GSD192,10.079668031893418,130,160,GSD
GSD192,14.49514961777448,131,160,GSD
GSD193,4.6484041790021795,164,170,GSD
GSD193,9.939797032723153,168,172,GSD
GSD193,16.220895807674147,169,167,GSD
GSD193,21.500223059415323,170,163,GSD
GSD193,25.122286431514027,173,161,GSD
GSD193,27.977974907722572,169,159,GSD
GSD193,34.63045594577524,174,158,GSD
GSD194,6.045050008437443,204,208,GSD
GSD194,11.646292716533658,199,206,GSD
GSD194,17.501467652856856,193,209,GSD
GSD194,22.063359383371676,191,204,GSD
GSD194,26.070882523898163,188,208,GSD
GSD194,28.23241327489071,190,208,GSD
GSD195,3.584203617369389,271,98,GSD
GSD195,8.398918219086674,274,96,GSD
GSD195,13.117255885751419,278,94,GSD
GSD195,19.29477607996891,279,94,GSD
GSD196,3.9397059068256777,107,259,GSD
GSD196,8.307109046625623,106,259,GSD
GSD196,11.616049787834323,104,258,GSD
GSD196,16.920035715122168,105,254,GSD
GSD196,20.208569266075635,106,252,GSD
GSD196,24.144299336219923,109,248,GSD
GSD196,27.322284717185855,105,246,GSD
GSD196,32.31967834130762,109,241,GSD
GSD196,37.18150427906209,108,240,GSD
GSD196,43.68760995116043,109,237,GSD
GSD197,5.43569078682489,139,172,GSD
GSD198,4.795035543765193,23,128,GSD
GSD198,9.788199497678821,22,130,GSD
GSD198,14.31602287982166,18,127,GSD
GSD198,19.878601926856575,14,131,GSD
GSD198,23.62457599061078,11,135,GSD
GSD198,29.169691922797792,16,139,GSD
GSD198,36.361426768317955,17,146,GSD
GSD198,42.08623774295957,23,148,GSD
GSD198,48.58133526195629,21,148,GSD
GSD199,5.33314785593877,215,171,GSD
GSD199,9.785033825015875,218,171,GSD
GSD199,14.507385239024877,222,172,GSD
GSD199,20.324108205660085,226,169,GSD
GSD199,25.251964498849212,227,171,GSD
GSD199,29.917233973089658,231,172,GSD
GSD199,35.11310929385221,234,171,GSD
GSD199,38.62564840317221,238,170,GSD
GSD199,43.960077844949296,240,168,GSD
GSD199,49.54647027961757,241,162,GSD
GSD199,54.762497718057794,239,163,GSD
GSD199,59.93808261438204,240,157,GSD
GSD199,63.896901115803765,241,158,GSD
GSD199,70.93412262976571,238,155,GSD
GSD200,5.782486336670682,50,158,GSD
GSD200,10.083092160603641,48,157,GSD
GSD200,14.13259147498253,43,158,GSD
GSD200,17.93222647379042,41,156,GSD
GSD200,23.053877793416675,36,152,GSD
GSD200,26.565587138518183,37,150,GSD
GSD200,31.432036057002833,36,144,GSD
GSD200,36.18041997621867,36,147,GSD
TG1,4.747865982757471,133,149,TG
TG2,4.503193068638499,252,85,TG
TG2,9.542749683059991,236,90,TG
TG2,14.527555777894568,237,96,TG
TG3,5.676658369419846,234,125,TG
TG3,11.94087059903054,237,108,TG
TG3,16.68339624884068,237,100,TG
TG4,4.775639146356493,73,157,TG
TG5,2.923002351371744,110,165,TG
TG6,4.104352002085421,111,215,TG
TG7,5.460228824765723,163,133,TG
TG8,5.2917947130385565,185,114,TG
TG9,5.095150516791777,155,63,TG
TG10,3.6406545808432402,175,119,TG
TG11,3.689974658334461,192,156,TG
TG12,4.810772178508741,122,138,TG
TG13,3.9472925196110538,154,63,TG
TG14,7.114907635759394,117,191,TG
TG15,5.065085686089004,227,80,TG
TG16,2.8678981261004326,240,79,TG
TG17,4.567033215349707,237,81,TG
TG18,4.850920591719518,158,207,TG
TG19,3.832494702472898,270,194,TG
TG19,8.3148685458614,270,172,TG
TG19,12.576459257511566,266,158,TG
TG19,16.26860306768949,279,147,TG
TG19,20.684602088863976,281,147,TG
TG20,5.9640493599106295,230,79,TG
TG21,5.788541152275979,232,145,TG
TG22,6.645318675612939,165,123,TG
TG23,6.688258570964901,76,131,TG
TG23,10.476853536220066,80,132,TG
TG24,5.157626211239455,96,104,TG
TG25,6.172592301096788,222,169,TG
TG25,12.603918116633125,224,168,TG
TG26,4.09969975248314,51,150,TG
TG27,4.1525537709440306,70,122,TG
TG28,4.830955678727264,257,82,TG
TG29,3.2569043186505984,103,256,TG
TG30,5.059037882119122,108,164,TG
TG31,3.936610535528617,109,167,TG
TG32,3.2772441779102577,225,88,TG
TG33,4.825563035780679,110,166,TG
TG34,5.379646566970956,230,76,TG
TG35,4.554618528909053,222,81,TG
TG36,4.560284901852233,323,145,TG
TG37,4.834104193492602,212,139,TG
TG37,10.227882817066682,217,142,TG
TG38,5.498981195179384,219,197,TG
TG39,3.11360949835311,111,217,TG
TG39,8.757808564423065,108,215,TG
TG40,4.754302748065396,109,166,TG
TG41,7.0081337189708,56,134,TG
TG42,4.648584844814221,134,147,TG
TG43,5.259613127629699,120,196,TG
TG44,3.7148195006130837,97,96,TG
TG45,6.112316139407137,298,148,TG
TG46,4.53663529789861,221,193,TG
TG47,5.331086621293625,176,117,TG
TG48,3.6300064540709625,134,78,TG
TG48,10.02474385346998,118,79,TG
TG49,4.943300414103494,198,106,TG
TG50,3.892015871523645,161,208,TG
TG51,5.380960827096094,206,215,TG
TG52,4.131752703124457,237,99,TG
TG53,6.315765835823557,164,122,TG
TG54,5.137405755259161,231,79,TG
TG55,5.255586282507563,80,106,TG
TG56,5.335448950283899,81,107,TG
TG57,5.529152668270319,237,82,TG
TG58,5.598038652148559,99,272,TG
TG59,5.569136001420617,32,140,TG
TG59,11.102664162227885,32,149,TG
TG60,4.0729865692713405,160,59,TG
TG60,9.242801219764102,165,56,TG
TG61,4.492896937961148,110,237,TG
TG61,7.339586247465846,109,230,TG
TG62,4.450344334560226,119,159,TG
TG63,5.9765448719647285,150,75,TG
TG64,1.8313678021780513,259,81,TG
TG64,7.834860916318421,263,82,TG
TG65,5.308146039710927,165,123,TG
TG66,6.498963676716218,91,122,TG
TG66,13.23537512755879,87,132,TG
TG67,3.454092262355503,129,201,TG
TG68,5.2560883595258,99,162,TG
TG69,6.1888808960994455,114,189,TG
TG70,5.891209964402155,48,149,TG
TG71,4.7445882306293985,322,145,TG
TG72,5.125616517455197,118,156,TG
TG73,4.12135826015952,93,160,TG
TG73,10.66499425882121,85,158,TG
TG74,5.356544342302865,205,214,TG
TG75,3.902967886054028,160,60,TG
TG75,11.06814406319419,160,59,TG
TG76,6.26311889470091,174,118,TG
TG77,5.3350138830218,244,164,TG
TG78,5.984646050253451,115,191,TG
TG79,7.290338508440542,110,165,TG
TG80,5.3327749189690685,113,211,TG
TG80,10.466454185102068,110,236,TG
TG80,14.70372487276027,109,241,TG
TG81,5.1520083146827895,301,144,TG
TG82,2.565384225770336,158,63,TG
TG82,7.824254573027327,157,64,TG
TG83,3.3712530634569937,77,135,TG
TG83,8.856976241894262,85,131,TG
TG84,5.459220177713983,117,188,TG
TG85,4.878195735139698,188,114,TG
TG86,4.8562483355488,259,80,TG
TG87,6.0341502810836705,56,142,TG
TG87,10.641845686619398,60,144,TG
TG88,5.665310131921381,212,105,TG
TG89,3.0919016663538095,222,191,TG
TG90,6.008853292609075,187,114,TG
TG91,5.587095080319269,245,213,TG
TG92,4.70021321198253,222,191,TG
TG93,4.357325813588943,244,211,TG
TG94,4.173935335816017,267,77,TG
TG94,10.85454053257893,276,80,TG
TG95,5.203454049312719,82,160,TG
TG95,10.52626754536027,81,156,TG
TG96,3.7732324334404126,77,130,TG
TG96,9.810383388544837,84,135,TG
TG97,6.4975033093942045,245,161,TG
TG98,4.085950779324543,279,209,TG
TG99,5.207420499203807,107,162,TG
TG100,4.964942275461508,245,130,TG
TG101,6.571357632799519,283,103,TG
TG102,3.177434259942707,285,106,TG
TG103,4.313098357108423,83,104,TG
TG104,4.729482466451237,69,121,TG
TG105,5.152405358199532,83,159,TG
TG105,9.699902181293671,103,164,TG
TG105,14.790946365216058,110,161,TG
TG106,5.877276754278482,207,215,TG
TG107,6.520916089318197,69,123,TG
TG108,5.303378521949113,115,190,TG
TG109,6.38676080696263,222,82,TG
TG110,4.192630925560219,184,110,TG
TG111,7.065942459366653,271,182,TG
TG111,11.924470637716798,270,182,TG
TG112,3.772570521258227,141,75,TG
TG112,7.473698301875312,126,77,TG
TG112,13.020292306445743,116,80,TG
TG113,5.175182342031217,222,85,TG
TG114,4.5141607518723585,264,86,TG
TG115,4.64341778692341,225,81,TG
TG116,4.928289993395904,126,156,TG
TG117,4.751412115543874,118,155,TG
TG118,4.74523167580378,251,124,TG
TG119,4.857927268118404,322,149,TG
TG120,4.323500698742619,242,81,TG
TG121,4.846824565539393,282,105,TG
TG122,4.36485684709301,269,162,TG
TG122,9.823102843357795,271,185,TG
TG122,16.22775873906116,271,183,TG
TG123,5.324985694520256,195,155,TG
TG124,6.562519437270874,239,162,TG
TG124,11.672818797869013,237,169,TG
TG125,6.828351771815694,174,117,TG
TG126,3.9056185776961785,131,164,TG
TG126,8.416550043884637,131,164,TG
TG127,6.400238645611929,161,130,TG
TG128,5.332202444172388,172,210,TG
TG129,4.021051239854005,224,81,TG
TG130,5.091226583039531,80,156,TG
TG130,12.142884398897184,78,154,TG
TG131,5.448468795670547,221,197,TG
TG132,6.191650116682522,40,135,TG
TG132,11.250831359051215,29,139,TG
TG133,2.868640759091726,122,77,TG
TG134,5.331684466328964,231,76,TG
TG135,5.167274752425186,165,125,TG
TG136,4.716474727212612,156,207,TG
TG137,3.9927024216399074,112,209,TG
TG137,8.666105030540127,120,197,TG
TG137,14.27902018770708,119,188,TG
TG138,5.470143925881365,110,166,TG
TG139,5.784653795902909,132,150,TG
TG140,4.388551218623945,235,89,TG
TG141,5.582122109449448,83,104,TG
TG142,4.037166170146845,214,108,TG
TG143,4.891247253370821,236,167,TG
TG144,5.198140437057758,193,154,TG
TG145,5.224995478628836,217,197,TG
TG146,4.108540544681027,98,93,TG
TG147,4.26262008528476,245,163,TG
TG148,6.233603318504668,278,150,TG
TG149,4.730490324854074,240,82,TG
TG150,6.10391085230361,220,196,TG
TG151,4.667662405468176,222,79,TG
TG152,5.0126488649786705,94,113,TG
TG152,10.52267498316375,93,118,TG
TG153,4.590235295522623,160,60,TG
TG154,6.165457771673104,271,202,TG
TG155,5.730832645280218,115,190,TG
TG156,4.27623458187589,218,196,TG
TG157,5.325032853613602,215,87,TG
TG158,3.8940623679619346,109,163,TG
TG159,1.759246793488476,101,189,TG
TG160,5.229336789055425,122,75,TG
TG161,4.47135489770084,188,113,TG
TG162,5.537331998761998,79,105,TG
TG163,5.5657623882890785,135,147,TG
TG164,3.92204212056299,157,208,TG
TG165,5.509560994160511,169,208,TG
TG166,5.372403787331659,165,123,TG
TG167,4.835033794668503,222,193,TG
TG168,6.942382386072644,94,108,TG
TG169,6.4851254469071895,209,142,TG
TG170,5.069490620929273,187,113,TG
TG171,4.974731594714068,324,148,TG
TG172,5.333446703043062,277,208,TG
TG173,5.336781010620513,84,130,TG
TG173,11.430214707452741,86,131,TG
TG174,4.347537000910552,184,113,TG
TG175,6.541385808290093,272,81,TG
TG176,7.298284062126017,214,107,TG
TG177,6.115345725618736,220,194,TG
TG178,5.177353739633977,134,148,TG
TG179,6.703039355718828,243,213,TG
TG180,4.272879854258083,134,149,TG
TG181,4.467310436283924,215,138,TG
TG181,11.684494863812933,196,138,TG
TG182,4.329094100996655,221,84,TG
TG183,3.3317527177837856,212,105,TG
TG184,3.5398815923103655,246,164,TG
TG185,6.439480747612222,132,148,TG
TG186,5.269642197264314,271,81,TG
TG186,9.131023921209906,277,80,TG
TG187,5.802586328994968,197,106,TG
TG188,4.2852894567716175,222,191,TG
TG189,4.675678254385318,104,159,TG
TG190,3.3546965751243203,69,121,TG
TG191,3.8172880050778177,220,197,TG
TG192,3.1802081696130564,324,145,TG
TG193,4.600468288724333,324,146,TG
TG194,4.519568223387906,123,140,TG
TG195,4.150487505927752,70,120,TG
TG196,6.953741525039858,50,146,TG
TG197,4.7756787319103955,127,145,TG
TG198,3.335005305603828,237,153,TG
TG198,8.860231512694998,242,155,TG
TG199,3.9303588747233746,53,132,TG
TG200,4.834858973318449,165,125,TG
GG1,3.8907491469590343,242,83,GG
GG1,10.35508596225161,242,80,GG
GG2,3.85574855857233,160,235,GG
GG3,4.058658555336098,220,128,GG
GG4,4.269920866596566,75,115,GG
GG5,3.426088206282138,277,119,GG
GG5,9.528522338749495,275,118,GG
GG6,6.243534749761237,314,163,GG
GG7,4.641205783964891,36,141,GG
GG7,9.009101358439517,42,137,GG
GG7,13.729343676896953,42,132,GG
GG7,20.44217837070299,35,126,GG
GG7,23.67931576364545,32,124,GG
GG7,25.216693214774285,34,119,GG
GG8,4.795083647356989,177,183,GG
GG9,5.553566578492671,272,113,GG
GG10,5.2487088852055805,149,230,GG
GG11,5.053682108207229,329,133,GG
GG12,4.40488562593092,225,193,GG
GG13,5.575885909139053,223,130,GG
GG14,4.619545299509792,72,119,GG
GG15,4.933240894069932,128,204,GG
GG16,5.33588746187159,243,85,GG
GG16,10.217589180510256,234,84,GG
GG16,15.942334032906729,236,92,GG
GG17,5.307976001523432,270,113,GG
GG18,4.60926863145132,135,102,GG
GG19,4.041503353122897,218,114,GG
GG20,4.497043591463194,61,131,GG
GG21,5.264910126311284,164,56,GG
GG22,2.818475904303784,137,111,GG
GG23,5.079052351300284,230,63,GG
GG24,5.4878535022795765,55,64,GG
GG25,3.9747816766277477,93,186,GG
GG25,10.03119330149239,95,200,GG
GG25,16.350257968587727,92,200,GG
GG26,6.485626980134977,157,108,GG
GG27,5.107000578583916,221,62,GG
GG28,6.244634248894949,170,199,GG
GG29,5.288255389816118,139,167,GG
GG29,9.51585050781241,146,171,GG
GG29,14.060919447701465,150,170,GG
GG30,6.146527058430115,148,209,GG
GG31,4.862723082759759,141,210,GG
GG32,5.463150266021022,250,71,GG
GG33,3.8244140941794544,103,192,GG
GG34,6.255847096722665,32,145,GG
GG34,13.002400078409504,38,150,GG
GG35,5.587331675673967,241,99,GG
GG36,5.176700921505601,58,185,GG
GG37,5.674395940477124,103,184,GG
GG37,8.743795307903664,100,182,GG
GG37,14.68274003919614,98,180,GG
GG38,5.570385780694471,218,131,GG
GG39,6.136167898978311,99,192,GG
GG40,3.979857748831104,236,90,GG
GG40,10.327012638825472,235,95,GG
GG41,5.649569888835953,256,166,GG
GG42,6.287059327374324,172,193,GG
GG43,5.665630130771868,101,177,GG
GG44,4.530580652507624,127,111,GG
GG45,4.143316402617678,219,207,GG
GG46,6.033710653113716,33,117,GG
GG46,12.415194486722598,36,111,GG
GG46,16.418133028156035,39,113,GG
GG47,5.069686787087172,115,89,GG
GG48,4.698727431773834,245,200,GG
GG49,4.671767716738882,63,166,GG
GG50,2.829248440702437,262,84,GG
GG50,9.27177292400193,269,83,GG
GG51,3.829425940589144,118,220,GG
GG52,5.3743998870999405,232,147,GG
GG53,5.187722114928976,109,131,GG
GG54,5.011705732069996,105,194,GG
GG55,5.283113440373077,247,106,GG
GG56,5.907736818945861,163,57,GG
GG57,5.670942373200342,86,295,GG
GG58,4.096865856554581,260,138,GG
GG59,6.058079435561101,276,104,GG
GG60,5.833297535205059,129,180,GG
GG61,5.934350787615371,51,184,GG
GG62,4.933211294655898,214,31,GG
GG63,5.987812894101744,211,89,GG
GG64,5.447491520719955,59,129,GG
GG65,4.302370735551371,69,93,GG
GG66,4.255188468726546,60,100,GG
GG66,9.47962002579685,64,92,GG
GG66,15.168752166515304,61,94,GG
GG67,5.116139823672788,175,169,GG
GG68,4.327707651951317,77,175,GG
GG68,9.067697381749728,81,176,GG
GG68,13.825600282827216,90,177,GG
GG68,19.04142171660242,90,174,GG
GG69,5.788911416629731,96,183,GG
GG69,10.903559072876432,99,183,GG
GG69,16.580554326019293,110,183,GG
GG69,21.12580420793115,114,188,GG
GG69,26.981161912783776,122,189,GG
GG69,33.9034581877219,124,192,GG
GG69,38.16768441372327,125,193,GG
GG69,42.88991110803562,121,199,GG
GG69,47.83089655048846,121,197,GG
GG70,5.468994421326926,167,218,GG
GG71,6.821690215676691,221,92,GG
GG72,5.216018982396157,104,173,GG
GG73,5.9272355400445,196,166,GG
GG74,5.263181734934709,248,115,GG
GG74,12.64119644148539,250,110,GG
GG75,5.26400610041117,111,84,GG
GG76,5.229123189363592,139,140,GG
GG77,5.930982988606081,240,28,GG
GG78,5.475444324421798,42,189,GG
GG79,6.60815240626966,14,134,GG
GG79,11.217278445690884,19,128,GG
GG79,14.840236370065485,25,130,GG
GG79,19.308638739521164,28,135,GG
GG79,24.050335163883336,32,142,GG
GG79,28.45203322597174,40,138,GG
GG79,34.11138428369951,37,141,GG
GG80,4.975390251126768,162,133,GG
GG81,6.073945119575748,46,135,GG
GG82,5.619375118477949,314,163,GG
GG83,4.804924503102143,96,94,GG
GG84,5.6701228826163845,110,81,GG
GG85,3.608858835854031,241,124,GG
GG85,8.699201878979867,233,124,GG
GG86,5.688265722371368,214,139,GG
GG87,5.646235281724996,329,145,GG
GG88,5.407717487352967,223,83,GG
GG89,3.7107667770428225,112,118,GG
GG90,5.308117209777923,158,115,GG
GG91,5.52391570796569,89,197,GG
GG92,5.1514025397308805,162,173,GG
GG92,10.30618758294073,159,175,GG
GG92,14.777417798847898,160,173,GG
GG93,4.423470862401869,217,107,GG
GG94,3.2450237746585597,160,198,GG
GG94,8.445233064647965,150,199,GG
GG94,13.902334347084924,146,201,GG
GG95,5.763218642616774,151,149,GG
GG96,4.410018648759766,33,140,GG
GG96,9.75412358048823,29,130,GG
GG96,15.736635263410552,31,133,GG
GG97,4.695838699739632,120,111,GG
GG98,4.001984050602724,220,105,GG
GG99,4.718702506550778,71,72,GG
GG100,6.682405805713663,76,74,GG
GG101,4.827453715060367,75,146,GG
GG102,6.277514301366562,228,146,GG
GG103,5.0975398476262015,69,111,GG
GG104,3.266712980381908,159,211,GG
GG105,4.709007273830261,177,206,GG
GG105,10.270533565538226,174,203,GG
GG106,5.822837230686028,267,115,GG
GG107,6.373170916284179,210,217,GG
GG108,5.907676031120923,119,185,GG
GG109,4.386614056375896,49,176,GG
GG109,8.706247081919194,51,178,GG
GG109,12.68264580301524,49,187,GG
GG109,17.35820187648494,46,193,GG
GG109,22.492507798894714,47,202,GG
GG109,27.076329662168174,48,206,GG
GG110,5.099694095722116,217,101,GG
GG111,6.34331297335459,53,186,GG
GG112,5.626087709437901,142,160,GG
GG113,3.379737956914309,155,176,GG
GG114,5.892961391364489,51,162,GG
GG115,4.1004432234907675,102,171,GG
GG116,5.855233890164701,119,193,GG
GG116,10.406681337702935,123,193,GG
GG117,3.887896101673179,189,206,GG
GG118,6.825025679465653,156,214,GG
GG119,4.533374712128315,271,176,GG
GG119,9.462837271154285,271,165,GG
GG119,14.748974968440496,270,158,GG
GG119,19.304707917223816,270,151,GG
GG119,25.795238399596784,281,149,GG
GG119,31.03423728040194,284,150,GG
GG119,34.24997541231221,288,149,GG
GG120,5.107730993687885,39,126,GG
GG121,4.560286673992797,247,202,GG
GG122,5.802108245317704,28,154,GG
GG122,10.965714218483248,27,149,GG
GG122,16.581099039612763,39,150,GG
GG122,21.127721166531998,44,156,GG
GG122,25.79855656672036,33,157,GG
GG122,29.7407111389159,37,158,GG
GG123,6.357698789367944,151,188,GG
GG124,5.046743265469183,244,31,GG
GG125,4.288463109527832,151,126,GG
GG125,9.118322330429665,150,127,GG
GG126,5.043503182763434,95,184,GG
GG126,9.680162522937515,95,179,GG
GG126,15.749787348997414,98,177,GG
GG127,5.244598182964309,235,47,GG
GG128,4.288306706614035,152,194,GG
GG128,8.860174981260878,148,195,GG
GG129,3.817883117666051,107,182,GG
GG129,7.678678752566148,103,182,GG
GG130,4.862344935441047,242,174,GG
GG130,11.532500828423782,237,168,GG
GG131,3.8165002360274225,80,147,GG
GG132,6.062825642334166,166,89,GG
GG133,4.434054386582826,85,76,GG
GG134,4.2958044829594275,45,191,GG
GG134,8.340474603075585,48,190,GG
GG135,4.837341919312724,240,177,GG
GG136,4.9440508642776795,182,166,GG
GG137,7.068584556828396,164,130,GG
GG138,4.25398770238427,236,184,GG
GG139,6.14903661995512,251,165,GG
GG140,4.0851001627611065,104,87,GG
GG140,10.019069424394086,109,80,GG
GG140,16.617175377010902,111,80,GG
GG141,5.950868329672107,223,122,GG
GG142,6.3411189769942755,111,83,GG
GG143,5.223093630155898,232,124,GG
GG143,11.423302477302839,239,121,GG
GG143,15.894284325717434,246,121,GG
GG143,19.738710333140904,250,115,GG
GG143,23.364841351943,251,111,GG
GG143,28.004514149513845,260,111,GG
GG143,32.775998026604995,265,108,GG
GG143,36.7928264174649,271,104,GG
GG143,41.57760288544035,271,104,GG
GG144,4.818771863186614,69,177,GG
GG145,4.143366696306075,197,113,GG
GG146,6.933139418437988,221,120,GG
GG147,5.529277303374598,161,92,GG
GG148,3.0693636112810823,230,145,GG
GG149,5.862638073350192,137,105,GG
GG150,4.796071750811574,238,175,GG
GG151,4.408011085480297,165,228,GG
GG152,2.779901455824475,99,89,GG
GG152,7.451297604612096,107,84,GG
GG152,12.339950427562783,111,76,GG
GG152,17.09399015849126,116,80,GG
GG152,21.657210161990886,117,79,GG
GG153,5.08524458555616,193,131,GG
GG154,4.850591276153959,270,191,GG
GG154,8.55657725955136,270,198,GG
GG154,13.529747020443507,270,200,GG
GG155,4.984737497380538,233,160,GG
GG156,5.8325682093137114,215,94,GG
GG156,12.276794070225279,213,95,GG
GG157,4.312755910743919,119,211,GG
GG158,4.931099161463493,162,130,GG
GG159,5.460023757475264,186,141,GG
GG159,10.31489833092227,187,142,GG
GG160,5.309983222404447,51,61,GG
GG161,5.609232640596083,121,203,GG
GG162,4.936567723323689,249,45,GG
GG163,5.237382368480452,66,165,GG
GG164,5.3497841005113775,75,148,GG
GG165,3.684424509483759,211,220,GG
GG166,4.219067421228265,155,250,GG
GG166,8.372506369681062,148,251,GG
GG166,12.369327272524187,146,255,GG
GG166,17.995550436429447,146,265,GG
GG166,24.780811961265044,144,267,GG
GG167,6.2634986814509315,225,38,GG
GG168,3.5148317396089412,119,201,GG
GG169,4.167912131921417,73,179,GG
GG170,4.020268535404111,230,95,GG
GG171,4.115265283338994,135,142,GG
GG172,4.273822809279622,244,101,GG
GG173,8.78697502830668,167,172,GG
GG174,5.544979066095603,213,30,GG
GG175,4.330939912858213,121,186,GG
GG176,5.728698796936593,316,151,GG
GG177,2.367467700208044,30,113,GG
GG177,8.767659236448415,36,114,GG
GG177,14.164349570331536,37,114,GG
GG178,4.99093959988444,309,164,GG
GG179,4.546076583727533,100,271,GG
GG179,9.404827561164371,99,271,GG
GG180,6.575550252324135,110,86,GG
GG181,4.857093874995936,104,249,GG
GG182,3.8687214411230597,84,177,GG
GG183,4.828541705475914,109,61,GG
GG184,4.988878808640679,254,49,GG
GG185,5.080368277077226,153,121,GG
GG186,3.7905308754883356,54,122,GG
GG187,4.6663987823674535,114,104,GG
GG188,4.72979719400778,277,117,GG
GG188,9.257762933880581,274,120,GG
GG188,14.230428803295325,265,126,GG
GG188,16.502164064002447,264,121,GG
GG188,21.16847997661616,258,129,GG
GG188,26.08322781528211,251,126,GG
GG188,32.55561989353799,243,123,GG
GG189,3.9154393245624757,200,167,GG
GG190,4.403665315006515,183,177,GG
GG191,3.853103567957155,162,272,GG
GG192,5.79381825499379,138,207,GG
GG193,5.817526937569811,261,142,GG
GG194,6.474708676629417,161,202,GG
GG195,5.829869842644873,156,105,GG
GG196,4.320853893816427,52,134,GG
GG197,4.680600422411803,72,120,GG
GG198,3.721950902615795,217,104,GG
GG199,3.685884482102435,223,125,GG
GG200,5.438807243430087,293,181,GG
GG200,10.900410762943721,296,187,GG
GG200,15.887852286806755,295,196,GG
GG200,21.88956318889308,290,204,GG
GG200,26.452209082432923,283,207,GG
